{"type":"FeatureCollection","ghi_chu":"TỆP SINH RA, đừng sửa tay — chạy scripts/build_vung_don_vi_xua.mjs. 🔴 KHÔNG PHẢI ĐƯỜNG BIÊN XƯA: hình học là ranh giới 63 tỉnh NGÀY NAY, chỉ được gắn thêm nhãn đơn vị hành chính xưa phủ lên đất đó. Phạm vi và nguồn của từng ánh xạ nằm ở public/data/geo/don-vi-hanh-chinh-xua.json (trường tinh_nay / khop / nguon_anh_xa).","features":[{"type":"Feature","properties":{"ky_id":"bac-thuoc","don_vi_id":"quan-giao-chi","don_vi_ten":"Quận Giao Chỉ","cap":"quận","khop":"gan-dung","tinh_63":"Bắc Ninh"},"geometry":{"type":"Polygon","coordinates":[[[106.297412,21.122746],[106.245836,21.172847],[106.117476,21.199309],[105.991373,21.264299],[105.957928,21.227368],[105.935567,21.244376],[105.90999,21.224297],[105.939192,21.085731],[106.000977,21.073068],[106.018364,21.042248],[105.999009,21.001745],[106.084017,21.007194],[106.125229,20.984827],[106.171951,20.97545],[106.232838,20.995943],[106.271199,20.991852],[106.309155,21.058705],[106.297412,21.122746]]]}},{"type":"Feature","properties":{"ky_id":"bac-thuoc","don_vi_id":"quan-giao-chi","don_vi_ten":"Quận Giao Chỉ","cap":"quận","khop":"gan-dung","tinh_63":"Hà Nội"},"geometry":{"type":"Polygon","coordinates":[[[105.895025,21.327552],[105.866779,21.32874],[105.829653,21.375121],[105.782978,21.360338],[105.759605,21.304391],[105.721125,21.265027],[105.721925,21.226101],[105.644162,21.237065],[105.617319,21.176421],[105.559914,21.153615],[105.481837,21.166371],[105.438803,21.265816],[105.402034,21.297588],[105.360838,21.292426],[105.339135,21.208945],[105.285794,21.161049],[105.317931,21.114708],[105.292086,21.049533],[105.315043,21.012525],[105.384955,21.025054],[105.444858,20.956498],[105.501133,20.930378],[105.564868,20.928112],[105.557836,20.881348],[105.627679,20.821935],[105.644315,20.741172],[105.681293,20.697556],[105.682752,20.639617],[105.706151,20.600377],[105.741274,20.600093],[105.767978,20.565142],[105.793011,20.568614],[105.811491,20.635377],[105.843759,20.657976],[105.873816,20.644175],[105.9402,20.682525],[105.975071,20.666425],[106.001262,20.70528],[105.963987,20.72311],[105.965976,20.773329],[105.923572,20.790264],[105.909382,20.833922],[105.931984,20.85504],[105.897996,20.892128],[105.90927,20.973435],[105.999009,21.001745],[106.018364,21.042248],[106.000977,21.073068],[105.939192,21.085731],[105.90999,21.224297],[105.935567,21.244376],[105.895025,21.327552]]]}},{"type":"Feature","properties":{"ky_id":"bac-thuoc","don_vi_id":"quan-giao-chi","don_vi_ten":"Quận Giao Chỉ","cap":"quận","khop":"gan-dung","tinh_63":"Vĩnh Phúc"},"geometry":{"type":"Polygon","coordinates":[[[105.782978,21.360338],[105.747145,21.416864],[105.650305,21.458332],[105.554872,21.571421],[105.5402,21.575002],[105.517558,21.535033],[105.426591,21.50559],[105.366914,21.52565],[105.322942,21.507735],[105.349706,21.419109],[105.396598,21.409921],[105.390298,21.368316],[105.454771,21.310023],[105.438803,21.265816],[105.481837,21.166371],[105.559914,21.153615],[105.617319,21.176421],[105.644162,21.237065],[105.721925,21.226101],[105.721125,21.265027],[105.759605,21.304391],[105.782978,21.360338]]]}},{"type":"Feature","properties":{"ky_id":"bac-thuoc","don_vi_id":"quan-giao-chi","don_vi_ten":"Quận Giao Chỉ","cap":"quận","khop":"gan-dung","tinh_63":"Phú Thọ"},"geometry":{"type":"Polygon","coordinates":[[[105.322942,21.507735],[105.29414,21.516303],[105.247336,21.584148],[105.243509,21.617381],[105.175939,21.688075],[105.085093,21.719549],[105.031417,21.701724],[104.965789,21.653957],[104.9361,21.652469],[104.892185,21.609887],[104.895902,21.565268],[104.867359,21.542123],[104.909264,21.449382],[104.881979,21.374234],[104.811666,21.334422],[104.841676,21.310377],[104.839086,21.264529],[104.862136,21.21013],[104.851627,21.151457],[104.911413,21.113203],[104.920345,21.075673],[105.052996,21.011204],[105.090254,20.961557],[105.130963,20.939269],[105.205235,20.952714],[105.310435,20.925138],[105.342844,20.94265],[105.315043,21.012525],[105.292086,21.049533],[105.317931,21.114708],[105.285794,21.161049],[105.339135,21.208945],[105.360838,21.292426],[105.402034,21.297588],[105.438803,21.265816],[105.454771,21.310023],[105.390298,21.368316],[105.396598,21.409921],[105.349706,21.419109],[105.322942,21.507735]]]}},{"type":"Feature","properties":{"ky_id":"bac-thuoc","don_vi_id":"quan-giao-chi","don_vi_ten":"Quận Giao Chỉ","cap":"quận","khop":"gan-dung","tinh_63":"Hải Dương"},"geometry":{"type":"Polygon","coordinates":[[[106.499524,21.225476],[106.421579,21.231242],[106.297412,21.122746],[106.309155,21.058705],[106.271199,20.991852],[106.232838,20.995943],[106.171951,20.97545],[106.125229,20.984827],[106.146301,20.959472],[106.144903,20.882755],[106.123366,20.834266],[106.152722,20.781449],[106.212875,20.751283],[106.223338,20.710012],[106.267656,20.685549],[106.330436,20.710653],[106.357489,20.702601],[106.405077,20.733103],[106.435727,20.721195],[106.49616,20.761057],[106.485321,20.86724],[106.54595,20.868883],[106.541394,20.944767],[106.590133,20.955388],[106.553034,20.997346],[106.609856,21.022248],[106.573173,21.058442],[106.53211,21.048861],[106.453435,21.06612],[106.437874,21.106307],[106.483605,21.130685],[106.499524,21.225476]]]}},{"type":"Feature","properties":{"ky_id":"bac-thuoc","don_vi_id":"quan-giao-chi","don_vi_ten":"Quận Giao Chỉ","cap":"quận","khop":"gan-dung","tinh_63":"Hưng Yên"},"geometry":{"type":"Polygon","coordinates":[[[106.125229,20.984827],[106.084017,21.007194],[105.999009,21.001745],[105.90927,20.973435],[105.897996,20.892128],[105.931984,20.85504],[105.909382,20.833922],[105.923572,20.790264],[105.965976,20.773329],[105.963987,20.72311],[106.001262,20.70528],[106.031754,20.685622],[106.032116,20.64019],[106.077798,20.60506],[106.118557,20.618133],[106.14244,20.660594],[106.221993,20.642251],[106.267656,20.685549],[106.223338,20.710012],[106.212875,20.751283],[106.152722,20.781449],[106.123366,20.834266],[106.144903,20.882755],[106.146301,20.959472],[106.125229,20.984827]]]}},{"type":"Feature","properties":{"ky_id":"bac-thuoc","don_vi_id":"quan-giao-chi","don_vi_ten":"Quận Giao Chỉ","cap":"quận","khop":"gan-dung","tinh_63":"Nam Định"},"geometry":{"type":"Polygon","coordinates":[[[106.183633,20.483661],[106.090331,20.45732],[106.041597,20.469249],[106.018473,20.418992],[105.974675,20.439588],[105.933329,20.368352],[105.935628,20.327678],[105.983051,20.292686],[105.980571,20.26432],[106.05613,20.219009],[106.150207,20.224609],[106.165981,20.131369],[106.132406,20.059851],[106.112432,20.046843],[106.098098,19.94509],[106.157887,19.95411],[106.231578,20.041714],[106.355346,20.174932],[106.401748,20.203182],[106.479895,20.218008],[106.51419,20.235866],[106.564339,20.231698],[106.563297,20.280001],[106.524877,20.317433],[106.474051,20.292306],[106.42498,20.306232],[106.334812,20.37783],[106.267753,20.327755],[106.272156,20.403941],[106.218984,20.411431],[106.221457,20.47151],[106.183633,20.483661]]]}},{"type":"Feature","properties":{"ky_id":"bac-thuoc","don_vi_id":"quan-giao-chi","don_vi_ten":"Quận Giao Chỉ","cap":"quận","khop":"gan-dung","tinh_63":"Ninh Bình"},"geometry":{"type":"Polygon","coordinates":[[[105.859609,20.422457],[105.822449,20.418737],[105.792168,20.447732],[105.750017,20.438264],[105.757463,20.378579],[105.703379,20.412655],[105.691453,20.391585],[105.721024,20.33036],[105.68498,20.306703],[105.580477,20.370028],[105.541138,20.363459],[105.550931,20.332173],[105.648717,20.273864],[105.740129,20.185572],[105.791996,20.17041],[105.921697,20.103492],[105.958976,20.067258],[106.072442,20.056151],[106.02318,19.970911],[106.079961,19.922426],[106.098098,19.94509],[106.112432,20.046843],[106.132406,20.059851],[106.165981,20.131369],[106.150207,20.224609],[106.05613,20.219009],[105.980571,20.26432],[105.983051,20.292686],[105.935628,20.327678],[105.933329,20.368352],[105.898353,20.376299],[105.859609,20.422457]]]}},{"type":"Feature","properties":{"ky_id":"bac-thuoc","don_vi_id":"quan-giao-chi","don_vi_ten":"Quận Giao Chỉ","cap":"quận","khop":"gan-dung","tinh_63":"Bắc Giang"},"geometry":{"type":"Polygon","coordinates":[[[106.183041,21.605303],[106.159967,21.626254],[106.077139,21.619476],[106.031241,21.571377],[106.040145,21.517981],[106.039705,21.517561],[106.02482,21.397796],[105.976449,21.414996],[105.939196,21.401231],[105.895025,21.327552],[105.935567,21.244376],[105.957928,21.227368],[105.991373,21.264299],[106.117476,21.199309],[106.245836,21.172847],[106.297412,21.122746],[106.421579,21.231242],[106.499524,21.225476],[106.540198,21.194209],[106.578962,21.193235],[106.789603,21.150177],[106.827289,21.188519],[106.933467,21.170163],[106.983555,21.258102],[106.9713,21.284702],[107.029598,21.32529],[106.987599,21.35925],[106.981351,21.440045],[106.909734,21.431363],[106.887483,21.491567],[106.842196,21.56055],[106.763941,21.574087],[106.75215,21.54179],[106.697175,21.574867],[106.667479,21.610093],[106.570001,21.602916],[106.505678,21.524978],[106.466615,21.439272],[106.419785,21.439598],[106.377249,21.394703],[106.325119,21.408383],[106.327527,21.439592],[106.280915,21.453966],[106.285935,21.490666],[106.195999,21.50165],[106.165817,21.51734],[106.167551,21.597036],[106.183041,21.605303]]]}},{"type":"Feature","properties":{"ky_id":"bac-thuoc","don_vi_id":"quan-giao-chi","don_vi_ten":"Quận Giao Chỉ","cap":"quận","khop":"gan-dung","tinh_63":"Quảng Ninh"},"geometry":{"type":"MultiPolygon","coordinates":[[[[107.543453,21.009702],[107.522994,21.026457],[107.484035,20.986467],[107.460214,20.907046],[107.521303,20.933764],[107.543453,21.009702]]],[[[107.463174,21.271741],[107.450094,21.233345],[107.473122,21.190212],[107.428862,21.126799],[107.398202,21.11684],[107.379525,21.048318],[107.459658,21.088754],[107.533542,21.159868],[107.568155,21.166368],[107.523729,21.225825],[107.463174,21.271741]]],[[[106.865642,20.832543],[106.84022,20.887889],[106.871867,20.926364],[106.926407,20.912968],[106.922825,20.960133],[107.033319,20.948612],[107.061747,20.961443],[107.160806,20.92881],[107.245497,21.000638],[107.354932,21.002734],[107.365117,21.098439],[107.388622,21.13497],[107.361175,21.164733],[107.362604,21.26087],[107.401305,21.302069],[107.522411,21.323133],[107.571784,21.315795],[107.623004,21.335601],[107.666727,21.383056],[107.672824,21.41583],[107.746031,21.407521],[107.794957,21.497156],[107.852079,21.526168],[107.914632,21.526684],[107.988786,21.485017],[108.001295,21.542094],[107.950264,21.540592],[107.940688,21.570493],[107.899502,21.587908],[107.854426,21.655757],[107.807472,21.658866],[107.674726,21.60959],[107.590087,21.606781],[107.541753,21.590913],[107.492361,21.597193],[107.495304,21.635667],[107.464345,21.664778],[107.428472,21.650598],[107.381534,21.597231],[107.360522,21.600674],[107.292275,21.593923],[107.279241,21.567046],[107.215119,21.553411],[107.244309,21.483999],[107.236509,21.460726],[107.262911,21.400311],[107.169418,21.364701],[107.098382,21.376233],[107.029598,21.32529],[106.9713,21.284702],[106.983555,21.258102],[106.933467,21.170163],[106.827289,21.188519],[106.789603,21.150177],[106.578962,21.193235],[106.540198,21.194209],[106.499524,21.225476],[106.483605,21.130685],[106.437874,21.106307],[106.453435,21.06612],[106.53211,21.048861],[106.573173,21.058442],[106.609856,21.022248],[106.649872,21.020454],[106.765369,20.978281],[106.768534,20.920052],[106.752135,20.881563],[106.761095,20.811785],[106.794232,20.850963],[106.841784,20.819854],[106.865642,20.832543]]]]}},{"type":"Feature","properties":{"ky_id":"bac-thuoc","don_vi_id":"quan-cuu-chan","don_vi_ten":"Quận Cửu Chân","cap":"quận","khop":"gan-dung","tinh_63":"Thanh Hoá"},"geometry":{"type":"Polygon","coordinates":[[[105.541138,20.363459],[105.501999,20.361695],[105.422946,20.387659],[105.402908,20.374573],[105.344902,20.391637],[105.300479,20.421427],[105.242638,20.487513],[105.198879,20.519497],[105.080188,20.576808],[105.020087,20.55967],[104.959422,20.608915],[104.957946,20.629047],[104.896099,20.670365],[104.845219,20.651771],[104.796681,20.619581],[104.800393,20.586258],[104.738618,20.574708],[104.635749,20.654226],[104.59881,20.60675],[104.539894,20.599402],[104.52087,20.550576],[104.466924,20.515712],[104.385368,20.485869],[104.380137,20.448753],[104.412487,20.427262],[104.417518,20.378158],[104.463165,20.367327],[104.563407,20.417171],[104.595722,20.417304],[104.646883,20.473196],[104.708769,20.410953],[104.619894,20.366647],[104.61143,20.244642],[104.658763,20.234688],[104.718371,20.201634],[104.769935,20.200714],[104.865038,20.14311],[104.919904,20.142248],[104.95957,20.112444],[104.970538,20.062906],[104.937317,20.041752],[104.914478,19.996883],[104.961215,19.990363],[105.056475,19.932978],[105.090955,19.940328],[105.172047,19.912616],[105.17509,19.856992],[105.14777,19.856436],[105.12576,19.804225],[105.132888,19.742809],[105.162857,19.686107],[105.258861,19.639799],[105.27868,19.564717],[105.266397,19.531092],[105.291419,19.475954],[105.331465,19.532814],[105.401093,19.450869],[105.478153,19.446185],[105.518866,19.465287],[105.590527,19.370772],[105.627932,19.378234],[105.682461,19.304993],[105.735064,19.320358],[105.802214,19.292513],[105.815703,19.318795],[105.784904,19.374943],[105.784411,19.418361],[105.810689,19.43375],[105.803754,19.496424],[105.823158,19.623137],[105.847416,19.695602],[105.895741,19.723302],[105.930622,19.778248],[105.930604,19.830582],[105.95765,19.928467],[106.02318,19.970911],[106.072442,20.056151],[105.958976,20.067258],[105.921697,20.103492],[105.791996,20.17041],[105.740129,20.185572],[105.648717,20.273864],[105.550931,20.332173],[105.541138,20.363459]]]}},{"type":"Feature","properties":{"ky_id":"bac-thuoc","don_vi_id":"quan-cuu-chan","don_vi_ten":"Quận Cửu Chân","cap":"quận","khop":"gan-dung","tinh_63":"Nghệ An"},"geometry":{"type":"Polygon","coordinates":[[[105.802214,19.292513],[105.735064,19.320358],[105.682461,19.304993],[105.627932,19.378234],[105.590527,19.370772],[105.518866,19.465287],[105.478153,19.446185],[105.401093,19.450869],[105.331465,19.532814],[105.291419,19.475954],[105.266397,19.531092],[105.27868,19.564717],[105.258861,19.639799],[105.162857,19.686107],[105.132888,19.742809],[105.12576,19.804225],[105.14777,19.856436],[105.17509,19.856992],[105.172047,19.912616],[105.090955,19.940328],[105.056475,19.932978],[104.961215,19.990363],[104.914478,19.996883],[104.893884,19.958777],[104.847278,19.931417],[104.848489,19.87271],[104.824944,19.788003],[104.797358,19.791155],[104.753628,19.750679],[104.721827,19.75556],[104.661727,19.700762],[104.650495,19.63947],[104.569349,19.615178],[104.505549,19.622733],[104.39539,19.697766],[104.318227,19.688217],[104.23367,19.708569],[104.109603,19.661079],[104.068982,19.668826],[104.059251,19.618711],[104.106377,19.569371],[104.093187,19.491392],[104.050091,19.426047],[103.955618,19.385232],[103.950661,19.359526],[103.905289,19.33105],[103.923013,19.28599],[103.960154,19.25218],[104.008379,19.23486],[104.07048,19.247229],[104.100133,19.21545],[104.17824,19.198819],[104.209465,19.127509],[104.27817,19.120799],[104.304707,19.094528],[104.399647,19.057404],[104.446314,18.987469],[104.49606,19.004103],[104.576382,18.911785],[104.626515,18.888788],[104.675164,18.838573],[104.793571,18.784907],[104.917397,18.785209],[104.93996,18.740396],[104.98977,18.745158],[105.050224,18.706951],[105.104906,18.706177],[105.196742,18.642114],[105.186711,18.603571],[105.228886,18.589729],[105.278114,18.625399],[105.36213,18.581502],[105.50234,18.611221],[105.54144,18.554612],[105.614507,18.578412],[105.635192,18.567771],[105.686355,18.591683],[105.687773,18.625239],[105.722673,18.672872],[105.764907,18.688852],[105.741354,18.739689],[105.756847,18.760325],[105.713493,18.841842],[105.633203,18.900139],[105.616913,18.975428],[105.622152,19.033874],[105.668532,19.097608],[105.735767,19.105386],[105.727702,19.178631],[105.737291,19.222462],[105.767783,19.236849],[105.802214,19.292513]]]}},{"type":"Feature","properties":{"ky_id":"bac-thuoc","don_vi_id":"quan-cuu-chan","don_vi_ten":"Quận Cửu Chân","cap":"quận","khop":"gan-dung","tinh_63":"Hà Tĩnh"},"geometry":{"type":"Polygon","coordinates":[[[105.756847,18.760325],[105.741354,18.739689],[105.764907,18.688852],[105.722673,18.672872],[105.687773,18.625239],[105.686355,18.591683],[105.635192,18.567771],[105.614507,18.578412],[105.54144,18.554612],[105.50234,18.611221],[105.36213,18.581502],[105.278114,18.625399],[105.228886,18.589729],[105.186711,18.603571],[105.13254,18.592058],[105.114451,18.539688],[105.108181,18.435768],[105.178186,18.391336],[105.189538,18.320905],[105.242476,18.295994],[105.256332,18.268715],[105.329019,18.254143],[105.318279,18.200791],[105.408314,18.155595],[105.458748,18.206281],[105.500006,18.188983],[105.510557,18.149411],[105.569566,18.084221],[105.581426,18.012342],[105.641735,17.991199],[105.702433,17.993221],[105.737822,18.037756],[105.807901,18.02702],[105.828037,18.065972],[105.929324,18.090007],[105.98425,18.06489],[106.075069,17.991278],[106.046932,17.967368],[106.074987,17.935565],[106.171309,17.915655],[106.222886,17.930904],[106.258462,17.917248],[106.338296,17.989851],[106.508459,17.961023],[106.445426,18.03365],[106.420265,18.091652],[106.349537,18.096728],[106.312518,18.148502],[106.247681,18.215743],[106.157433,18.268236],[106.096216,18.277593],[105.988348,18.386057],[105.938968,18.459326],[105.925152,18.450556],[105.835374,18.577738],[105.806457,18.640255],[105.775989,18.757715],[105.756847,18.760325]]]}},{"type":"Feature","properties":{"ky_id":"bac-thuoc","don_vi_id":"quan-nhat-nam","don_vi_ten":"Quận Nhật Nam","cap":"quận","khop":"gan-dung","tinh_63":"Quảng Bình"},"geometry":{"type":"Polygon","coordinates":[[[106.508459,17.961023],[106.338296,17.989851],[106.258462,17.917248],[106.222886,17.930904],[106.171309,17.915655],[106.074987,17.935565],[106.046932,17.967368],[106.075069,17.991278],[105.98425,18.06489],[105.929324,18.090007],[105.828037,18.065972],[105.807901,18.02702],[105.737822,18.037756],[105.702433,17.993221],[105.641735,17.991199],[105.606756,17.897441],[105.682796,17.823786],[105.673972,17.799982],[105.741952,17.721854],[105.748835,17.670253],[105.78999,17.670901],[105.858874,17.619583],[106.087806,17.363615],[106.234554,17.250718],[106.303559,17.258296],[106.332792,17.23429],[106.319806,17.193438],[106.346097,17.150058],[106.414789,17.079356],[106.400456,17.053222],[106.439217,16.996031],[106.514602,16.972668],[106.547635,16.99898],[106.605614,16.940298],[106.65962,16.938531],[106.684588,16.957705],[106.742399,16.922974],[106.770292,16.93158],[106.782319,16.987288],[106.814713,17.040717],[106.846523,17.033062],[106.865191,17.080326],[106.934406,17.110853],[106.989562,17.16507],[106.812024,17.296657],[106.751076,17.347426],[106.658592,17.445474],[106.590881,17.539426],[106.498555,17.683585],[106.462487,17.757514],[106.442606,17.853861],[106.508459,17.961023]]]}},{"type":"Feature","properties":{"ky_id":"bac-thuoc","don_vi_id":"quan-nhat-nam","don_vi_ten":"Quận Nhật Nam","cap":"quận","khop":"gan-dung","tinh_63":"Quảng Trị"},"geometry":{"type":"Polygon","coordinates":[[[107.386191,16.743695],[107.244533,16.855941],[107.165821,16.933414],[107.111634,17.011229],[107.10825,17.090271],[106.989562,17.16507],[106.934406,17.110853],[106.865191,17.080326],[106.846523,17.033062],[106.814713,17.040717],[106.782319,16.987288],[106.770292,16.93158],[106.742399,16.922974],[106.684588,16.957705],[106.65962,16.938531],[106.605614,16.940298],[106.547635,16.99898],[106.54643,16.929992],[106.517486,16.890201],[106.54792,16.869115],[106.549784,16.695626],[106.563727,16.643278],[106.647185,16.593662],[106.645706,16.540926],[106.673493,16.454002],[106.723374,16.426611],[106.75999,16.426076],[106.800602,16.465129],[106.829167,16.550104],[106.887221,16.515611],[106.869947,16.436192],[106.919104,16.37261],[106.962264,16.35771],[106.962308,16.308469],[107.016986,16.30368],[106.986559,16.340953],[107.034173,16.375959],[107.058309,16.432558],[107.12605,16.445502],[107.117197,16.488622],[107.065734,16.51215],[107.059864,16.539322],[107.166618,16.578894],[107.242568,16.587415],[107.269942,16.568046],[107.326512,16.609619],[107.304507,16.641661],[107.386191,16.743695]]]}},{"type":"Feature","properties":{"ky_id":"bac-thuoc","don_vi_id":"quan-nhat-nam","don_vi_ten":"Quận Nhật Nam","cap":"quận","khop":"gan-dung","tinh_63":"Huế"},"geometry":{"type":"Polygon","coordinates":[[[108.192448,16.211386],[108.095563,16.225127],[108.054806,16.217487],[108.034807,16.261379],[108.037007,16.30917],[107.974278,16.318652],[107.884878,16.377649],[107.764604,16.482304],[107.665934,16.554345],[107.6126,16.575527],[107.506936,16.649018],[107.386191,16.743695],[107.304507,16.641661],[107.326512,16.609619],[107.269942,16.568046],[107.242568,16.587415],[107.166618,16.578894],[107.059864,16.539322],[107.065734,16.51215],[107.117197,16.488622],[107.12605,16.445502],[107.058309,16.432558],[107.034173,16.375959],[106.986559,16.340953],[107.016986,16.30368],[107.080287,16.31441],[107.148952,16.268281],[107.142826,16.216169],[107.157641,16.169551],[107.192454,16.146081],[107.237479,16.148444],[107.281598,16.119693],[107.30569,16.082266],[107.377039,16.074274],[107.456899,16.080209],[107.465405,16.025993],[107.541146,16.01176],[107.567323,16.054254],[107.700893,15.996001],[107.724897,16.031446],[107.787755,16.067538],[107.816729,16.058449],[107.854271,16.115492],[107.874148,16.197533],[107.90962,16.2164],[107.954345,16.190183],[107.986125,16.214433],[108.055123,16.180138],[108.127009,16.186571],[108.192448,16.211386]]]}},{"type":"Feature","properties":{"ky_id":"bac-thuoc","don_vi_id":"quan-nhat-nam","don_vi_ten":"Quận Nhật Nam","cap":"quận","khop":"gan-dung","tinh_63":"Đà Nẵng"},"geometry":{"type":"MultiPolygon","coordinates":[[[[111.21578,15.77342],[111.19502,15.777181],[111.211803,15.798287],[111.228142,15.79147],[111.21578,15.77342]]],[[[108.180158,16.07621],[108.247436,16.156393],[108.317796,16.115652],[108.246849,16.087269],[108.253406,16.036355],[108.287564,15.968486],[108.245209,15.975826],[108.221452,15.948731],[108.182996,15.966225],[108.148328,15.934975],[108.10316,15.946047],[107.981635,15.920726],[107.951784,15.945705],[107.981387,16.011226],[107.941853,16.060264],[107.90047,16.035056],[107.859318,16.062472],[107.816729,16.058449],[107.854271,16.115492],[107.874148,16.197533],[107.90962,16.2164],[107.954345,16.190183],[107.986125,16.214433],[108.055123,16.180138],[108.127009,16.186571],[108.192448,16.211386],[108.154371,16.190263],[108.122461,16.140884],[108.142087,16.098591],[108.180158,16.07621]]],[[[111.700957,16.227983],[111.684596,16.237847],[111.693736,16.247272],[111.707466,16.245379],[111.700957,16.227983]]],[[[111.638865,16.28344],[111.770021,16.298119],[111.791286,16.287272],[111.666846,16.276499],[111.62387,16.193168],[111.577918,16.18246],[111.561001,16.214911],[111.638865,16.28344]]],[[[111.555916,16.454236],[111.536623,16.439673],[111.529534,16.46121],[111.555916,16.454236]]],[[[111.579606,16.474154],[111.598472,16.48592],[111.611638,16.438146],[111.579606,16.474154]]],[[[111.589974,16.516587],[111.599016,16.50677],[111.584091,16.507324],[111.589974,16.516587]]],[[[111.638719,16.542809],[111.626056,16.521524],[111.6084,16.539847],[111.638719,16.542809]]],[[[111.700987,16.545166],[111.692049,16.54912],[111.690857,16.559324],[111.697727,16.562094],[111.700987,16.545166]]],[[[111.647454,16.550582],[111.644941,16.564152],[111.672504,16.570318],[111.670954,16.546009],[111.647454,16.550582]]],[[[111.360557,16.720346],[111.366694,16.742005],[111.396372,16.744596],[111.387885,16.70931],[111.360557,16.720346]]],[[[111.559873,17.101075],[111.491642,17.066152],[111.450933,17.093594],[111.509824,17.113993],[111.559873,17.101075]]],[[[112.578739,16.058746],[112.524361,16.021268],[112.464947,16.01019],[112.448006,16.04259],[112.554939,16.074356],[112.578739,16.058746]]],[[[111.821837,16.06294],[111.783334,16.037919],[111.773287,16.078461],[111.821837,16.06294]]],[[[112.032246,16.36558],[112.078244,16.341103],[112.018944,16.34068],[111.971511,16.320733],[111.978023,16.358864],[112.032246,16.36558]]],[[[111.698568,16.455873],[111.706176,16.462053],[111.719564,16.45668],[111.713131,16.446507],[111.698568,16.455873]]],[[[111.744734,16.444993],[111.734732,16.454455],[111.754106,16.492491],[111.756819,16.532772],[111.778311,16.509421],[111.744734,16.444993]]],[[[111.709182,16.551624],[111.728052,16.575313],[111.737839,16.538513],[111.709182,16.551624]]],[[[112.631814,16.569242],[112.631129,16.574165],[112.639837,16.574522],[112.637035,16.568933],[112.631814,16.569242]]],[[[112.727119,16.676773],[112.739808,16.658389],[112.720681,16.669789],[112.727119,16.676773]]],[[[112.34487,16.839957],[112.333117,16.827767],[112.319406,16.840571],[112.335615,16.850487],[112.34487,16.839957]]],[[[112.317679,16.957089],[112.297263,16.967881],[112.300529,16.973383],[112.324541,16.959043],[112.317679,16.957089]]],[[[112.210314,16.966853],[112.211124,16.996598],[112.243862,17.002345],[112.284164,16.978976],[112.210314,16.966853]]]]}},{"type":"Feature","properties":{"ky_id":"bac-thuoc","don_vi_id":"quan-nhat-nam","don_vi_ten":"Quận Nhật Nam","cap":"quận","khop":"gan-dung","tinh_63":"Quảng Nam"},"geometry":{"type":"Polygon","coordinates":[[[107.816729,16.058449],[107.787755,16.067538],[107.724897,16.031446],[107.700893,15.996001],[107.567323,16.054254],[107.541146,16.01176],[107.465405,16.025993],[107.425084,15.930314],[107.39835,15.896785],[107.314101,15.88544],[107.208561,15.827106],[107.242819,15.746247],[107.275387,15.697356],[107.262453,15.657833],[107.287962,15.625177],[107.340339,15.615549],[107.36283,15.570453],[107.38046,15.494816],[107.453453,15.504117],[107.512352,15.47368],[107.517084,15.416564],[107.557816,15.396324],[107.621949,15.416072],[107.659488,15.38708],[107.661518,15.355945],[107.706347,15.304657],[107.73532,15.235755],[107.882197,15.197291],[107.926512,15.210292],[107.949385,15.176388],[107.998159,15.153221],[107.973073,15.068891],[107.95059,15.051417],[107.985148,15.00189],[108.042539,14.994541],[108.087849,14.951616],[108.148306,14.964275],[108.146548,15.05013],[108.181025,15.057817],[108.23671,15.032735],[108.255581,15.117102],[108.29975,15.174809],[108.280394,15.245719],[108.321777,15.301429],[108.404725,15.311372],[108.484035,15.310241],[108.505459,15.326727],[108.593162,15.344968],[108.650187,15.369424],[108.717136,15.374384],[108.736829,15.400676],[108.683726,15.474287],[108.64766,15.473849],[108.629819,15.507091],[108.571021,15.566915],[108.50642,15.655878],[108.429669,15.778988],[108.40357,15.871157],[108.326954,15.923572],[108.287564,15.968486],[108.245209,15.975826],[108.221452,15.948731],[108.182996,15.966225],[108.148328,15.934975],[108.10316,15.946047],[107.981635,15.920726],[107.951784,15.945705],[107.981387,16.011226],[107.941853,16.060264],[107.90047,16.035056],[107.859318,16.062472],[107.816729,16.058449]]]}},{"type":"Feature","properties":{"ky_id":"dai-viet-1490","don_vi_id":"tt-son-nam","don_vi_ten":"Thừa tuyên Sơn Nam","cap":"thừa tuyên","khop":"gan-dung","tinh_63":"Hà Nam"},"geometry":{"type":"Polygon","coordinates":[[[106.118557,20.618133],[106.077798,20.60506],[106.032116,20.64019],[106.031754,20.685622],[106.001262,20.70528],[105.975071,20.666425],[105.9402,20.682525],[105.873816,20.644175],[105.843759,20.657976],[105.811491,20.635377],[105.793011,20.568614],[105.767978,20.565142],[105.793642,20.512953],[105.850135,20.476941],[105.859609,20.422457],[105.898353,20.376299],[105.933329,20.368352],[105.974675,20.439588],[106.018473,20.418992],[106.041597,20.469249],[106.090331,20.45732],[106.183633,20.483661],[106.170662,20.545544],[106.13249,20.574016],[106.118557,20.618133]]]}},{"type":"Feature","properties":{"ky_id":"dai-viet-1490","don_vi_id":"tt-son-nam","don_vi_ten":"Thừa tuyên Sơn Nam","cap":"thừa tuyên","khop":"gan-dung","tinh_63":"Nam Định"},"geometry":{"type":"Polygon","coordinates":[[[106.183633,20.483661],[106.090331,20.45732],[106.041597,20.469249],[106.018473,20.418992],[105.974675,20.439588],[105.933329,20.368352],[105.935628,20.327678],[105.983051,20.292686],[105.980571,20.26432],[106.05613,20.219009],[106.150207,20.224609],[106.165981,20.131369],[106.132406,20.059851],[106.112432,20.046843],[106.098098,19.94509],[106.157887,19.95411],[106.231578,20.041714],[106.355346,20.174932],[106.401748,20.203182],[106.479895,20.218008],[106.51419,20.235866],[106.564339,20.231698],[106.563297,20.280001],[106.524877,20.317433],[106.474051,20.292306],[106.42498,20.306232],[106.334812,20.37783],[106.267753,20.327755],[106.272156,20.403941],[106.218984,20.411431],[106.221457,20.47151],[106.183633,20.483661]]]}},{"type":"Feature","properties":{"ky_id":"dai-viet-1490","don_vi_id":"tt-son-nam","don_vi_ten":"Thừa tuyên Sơn Nam","cap":"thừa tuyên","khop":"gan-dung","tinh_63":"Thái Bình"},"geometry":{"type":"Polygon","coordinates":[[[106.623305,20.627527],[106.600359,20.640433],[106.517291,20.604164],[106.448184,20.622632],[106.437324,20.662282],[106.400186,20.694215],[106.405077,20.733103],[106.357489,20.702601],[106.330436,20.710653],[106.267656,20.685549],[106.221993,20.642251],[106.14244,20.660594],[106.118557,20.618133],[106.13249,20.574016],[106.170662,20.545544],[106.183633,20.483661],[106.221457,20.47151],[106.218984,20.411431],[106.272156,20.403941],[106.267753,20.327755],[106.334812,20.37783],[106.42498,20.306232],[106.474051,20.292306],[106.524877,20.317433],[106.563297,20.280001],[106.587963,20.300557],[106.577837,20.371998],[106.597249,20.4423],[106.574177,20.524984],[106.623305,20.627527]]]}},{"type":"Feature","properties":{"ky_id":"dai-viet-1490","don_vi_id":"tt-son-nam","don_vi_ten":"Thừa tuyên Sơn Nam","cap":"thừa tuyên","khop":"gan-dung","tinh_63":"Hưng Yên"},"geometry":{"type":"Polygon","coordinates":[[[106.125229,20.984827],[106.084017,21.007194],[105.999009,21.001745],[105.90927,20.973435],[105.897996,20.892128],[105.931984,20.85504],[105.909382,20.833922],[105.923572,20.790264],[105.965976,20.773329],[105.963987,20.72311],[106.001262,20.70528],[106.031754,20.685622],[106.032116,20.64019],[106.077798,20.60506],[106.118557,20.618133],[106.14244,20.660594],[106.221993,20.642251],[106.267656,20.685549],[106.223338,20.710012],[106.212875,20.751283],[106.152722,20.781449],[106.123366,20.834266],[106.144903,20.882755],[106.146301,20.959472],[106.125229,20.984827]]]}},{"type":"Feature","properties":{"ky_id":"dai-viet-1490","don_vi_id":"tt-kinh-bac","don_vi_ten":"Thừa tuyên Kinh Bắc","cap":"thừa tuyên","khop":"gan-dung","tinh_63":"Bắc Ninh"},"geometry":{"type":"Polygon","coordinates":[[[106.297412,21.122746],[106.245836,21.172847],[106.117476,21.199309],[105.991373,21.264299],[105.957928,21.227368],[105.935567,21.244376],[105.90999,21.224297],[105.939192,21.085731],[106.000977,21.073068],[106.018364,21.042248],[105.999009,21.001745],[106.084017,21.007194],[106.125229,20.984827],[106.171951,20.97545],[106.232838,20.995943],[106.271199,20.991852],[106.309155,21.058705],[106.297412,21.122746]]]}},{"type":"Feature","properties":{"ky_id":"dai-viet-1490","don_vi_id":"tt-kinh-bac","don_vi_ten":"Thừa tuyên Kinh Bắc","cap":"thừa tuyên","khop":"gan-dung","tinh_63":"Bắc Giang"},"geometry":{"type":"Polygon","coordinates":[[[106.183041,21.605303],[106.159967,21.626254],[106.077139,21.619476],[106.031241,21.571377],[106.040145,21.517981],[106.039705,21.517561],[106.02482,21.397796],[105.976449,21.414996],[105.939196,21.401231],[105.895025,21.327552],[105.935567,21.244376],[105.957928,21.227368],[105.991373,21.264299],[106.117476,21.199309],[106.245836,21.172847],[106.297412,21.122746],[106.421579,21.231242],[106.499524,21.225476],[106.540198,21.194209],[106.578962,21.193235],[106.789603,21.150177],[106.827289,21.188519],[106.933467,21.170163],[106.983555,21.258102],[106.9713,21.284702],[107.029598,21.32529],[106.987599,21.35925],[106.981351,21.440045],[106.909734,21.431363],[106.887483,21.491567],[106.842196,21.56055],[106.763941,21.574087],[106.75215,21.54179],[106.697175,21.574867],[106.667479,21.610093],[106.570001,21.602916],[106.505678,21.524978],[106.466615,21.439272],[106.419785,21.439598],[106.377249,21.394703],[106.325119,21.408383],[106.327527,21.439592],[106.280915,21.453966],[106.285935,21.490666],[106.195999,21.50165],[106.165817,21.51734],[106.167551,21.597036],[106.183041,21.605303]]]}},{"type":"Feature","properties":{"ky_id":"dai-viet-1490","don_vi_id":"tt-son-tay","don_vi_ten":"Thừa tuyên Sơn Tây","cap":"thừa tuyên","khop":"mot-phan","tinh_63":"Phú Thọ"},"geometry":{"type":"Polygon","coordinates":[[[105.322942,21.507735],[105.29414,21.516303],[105.247336,21.584148],[105.243509,21.617381],[105.175939,21.688075],[105.085093,21.719549],[105.031417,21.701724],[104.965789,21.653957],[104.9361,21.652469],[104.892185,21.609887],[104.895902,21.565268],[104.867359,21.542123],[104.909264,21.449382],[104.881979,21.374234],[104.811666,21.334422],[104.841676,21.310377],[104.839086,21.264529],[104.862136,21.21013],[104.851627,21.151457],[104.911413,21.113203],[104.920345,21.075673],[105.052996,21.011204],[105.090254,20.961557],[105.130963,20.939269],[105.205235,20.952714],[105.310435,20.925138],[105.342844,20.94265],[105.315043,21.012525],[105.292086,21.049533],[105.317931,21.114708],[105.285794,21.161049],[105.339135,21.208945],[105.360838,21.292426],[105.402034,21.297588],[105.438803,21.265816],[105.454771,21.310023],[105.390298,21.368316],[105.396598,21.409921],[105.349706,21.419109],[105.322942,21.507735]]]}},{"type":"Feature","properties":{"ky_id":"dai-viet-1490","don_vi_id":"tt-hai-duong","don_vi_ten":"Thừa tuyên Hải Dương","cap":"thừa tuyên","khop":"mot-phan","tinh_63":"Hải Dương"},"geometry":{"type":"Polygon","coordinates":[[[106.499524,21.225476],[106.421579,21.231242],[106.297412,21.122746],[106.309155,21.058705],[106.271199,20.991852],[106.232838,20.995943],[106.171951,20.97545],[106.125229,20.984827],[106.146301,20.959472],[106.144903,20.882755],[106.123366,20.834266],[106.152722,20.781449],[106.212875,20.751283],[106.223338,20.710012],[106.267656,20.685549],[106.330436,20.710653],[106.357489,20.702601],[106.405077,20.733103],[106.435727,20.721195],[106.49616,20.761057],[106.485321,20.86724],[106.54595,20.868883],[106.541394,20.944767],[106.590133,20.955388],[106.553034,20.997346],[106.609856,21.022248],[106.573173,21.058442],[106.53211,21.048861],[106.453435,21.06612],[106.437874,21.106307],[106.483605,21.130685],[106.499524,21.225476]]]}},{"type":"Feature","properties":{"ky_id":"dai-viet-1490","don_vi_id":"tt-hai-duong","don_vi_ten":"Thừa tuyên Hải Dương","cap":"thừa tuyên","khop":"mot-phan","tinh_63":"Hải Phòng"},"geometry":{"type":"MultiPolygon","coordinates":[[[[106.95277,20.868765],[106.932845,20.815589],[106.985635,20.738902],[107.009907,20.746991],[107.055937,20.719367],[107.075674,20.825152],[107.033486,20.862565],[106.95277,20.868765]]],[[[106.761095,20.811785],[106.752135,20.881563],[106.768534,20.920052],[106.765369,20.978281],[106.649872,21.020454],[106.609856,21.022248],[106.553034,20.997346],[106.590133,20.955388],[106.541394,20.944767],[106.54595,20.868883],[106.485321,20.86724],[106.49616,20.761057],[106.435727,20.721195],[106.405077,20.733103],[106.400186,20.694215],[106.437324,20.662282],[106.448184,20.622632],[106.517291,20.604164],[106.600359,20.640433],[106.623305,20.627527],[106.665395,20.636205],[106.714839,20.68822],[106.763383,20.713884],[106.780076,20.74388],[106.746694,20.783941],[106.761095,20.811785]]]]}},{"type":"Feature","properties":{"ky_id":"dai-viet-1490","don_vi_id":"tt-yen-bang","don_vi_ten":"Thừa tuyên Yên Bang","cap":"thừa tuyên","khop":"gan-dung","tinh_63":"Quảng Ninh"},"geometry":{"type":"MultiPolygon","coordinates":[[[[107.543453,21.009702],[107.522994,21.026457],[107.484035,20.986467],[107.460214,20.907046],[107.521303,20.933764],[107.543453,21.009702]]],[[[107.463174,21.271741],[107.450094,21.233345],[107.473122,21.190212],[107.428862,21.126799],[107.398202,21.11684],[107.379525,21.048318],[107.459658,21.088754],[107.533542,21.159868],[107.568155,21.166368],[107.523729,21.225825],[107.463174,21.271741]]],[[[106.865642,20.832543],[106.84022,20.887889],[106.871867,20.926364],[106.926407,20.912968],[106.922825,20.960133],[107.033319,20.948612],[107.061747,20.961443],[107.160806,20.92881],[107.245497,21.000638],[107.354932,21.002734],[107.365117,21.098439],[107.388622,21.13497],[107.361175,21.164733],[107.362604,21.26087],[107.401305,21.302069],[107.522411,21.323133],[107.571784,21.315795],[107.623004,21.335601],[107.666727,21.383056],[107.672824,21.41583],[107.746031,21.407521],[107.794957,21.497156],[107.852079,21.526168],[107.914632,21.526684],[107.988786,21.485017],[108.001295,21.542094],[107.950264,21.540592],[107.940688,21.570493],[107.899502,21.587908],[107.854426,21.655757],[107.807472,21.658866],[107.674726,21.60959],[107.590087,21.606781],[107.541753,21.590913],[107.492361,21.597193],[107.495304,21.635667],[107.464345,21.664778],[107.428472,21.650598],[107.381534,21.597231],[107.360522,21.600674],[107.292275,21.593923],[107.279241,21.567046],[107.215119,21.553411],[107.244309,21.483999],[107.236509,21.460726],[107.262911,21.400311],[107.169418,21.364701],[107.098382,21.376233],[107.029598,21.32529],[106.9713,21.284702],[106.983555,21.258102],[106.933467,21.170163],[106.827289,21.188519],[106.789603,21.150177],[106.578962,21.193235],[106.540198,21.194209],[106.499524,21.225476],[106.483605,21.130685],[106.437874,21.106307],[106.453435,21.06612],[106.53211,21.048861],[106.573173,21.058442],[106.609856,21.022248],[106.649872,21.020454],[106.765369,20.978281],[106.768534,20.920052],[106.752135,20.881563],[106.761095,20.811785],[106.794232,20.850963],[106.841784,20.819854],[106.865642,20.832543]]]]}},{"type":"Feature","properties":{"ky_id":"dai-viet-1490","don_vi_id":"tt-lang-son","don_vi_ten":"Thừa tuyên Lạng Sơn","cap":"thừa tuyên","khop":"toi-thieu","tinh_63":"Lạng Sơn"},"geometry":{"type":"Polygon","coordinates":[[[106.564686,22.425843],[106.485659,22.370125],[106.450238,22.358272],[106.342762,22.391639],[106.240041,22.460879],[106.199135,22.432587],[106.182984,22.388301],[106.218215,22.349351],[106.198432,22.312356],[106.243592,22.268416],[106.228282,22.174101],[106.179106,22.130532],[106.153604,22.08209],[106.097582,22.069946],[106.112477,21.994095],[106.096784,21.939207],[106.126377,21.925761],[106.093041,21.820614],[106.111073,21.782486],[106.235953,21.721215],[106.223754,21.680337],[106.189268,21.645989],[106.183041,21.605303],[106.167551,21.597036],[106.165817,21.51734],[106.195999,21.50165],[106.285935,21.490666],[106.280915,21.453966],[106.327527,21.439592],[106.325119,21.408383],[106.377249,21.394703],[106.419785,21.439598],[106.466615,21.439272],[106.505678,21.524978],[106.570001,21.602916],[106.667479,21.610093],[106.697175,21.574867],[106.75215,21.54179],[106.763941,21.574087],[106.842196,21.56055],[106.887483,21.491567],[106.909734,21.431363],[106.981351,21.440045],[106.987599,21.35925],[107.029598,21.32529],[107.098382,21.376233],[107.169418,21.364701],[107.262911,21.400311],[107.236509,21.460726],[107.244309,21.483999],[107.215119,21.553411],[107.279241,21.567046],[107.292275,21.593923],[107.360522,21.600674],[107.357539,21.666146],[107.299708,21.743374],[107.246929,21.707183],[107.138215,21.764204],[107.084698,21.809671],[107.031684,21.818117],[107.001938,21.846078],[107.062956,21.895118],[107.059241,21.932086],[106.987432,21.950886],[106.928391,21.932488],[106.918538,21.974082],[106.837767,21.985075],[106.804716,21.97638],[106.781919,22.005784],[106.706128,22.0252],[106.709337,22.06618],[106.688479,22.164242],[106.668995,22.186668],[106.700209,22.227062],[106.66822,22.286658],[106.657931,22.334927],[106.578014,22.341274],[106.585408,22.383338],[106.564686,22.425843]]]}},{"type":"Feature","properties":{"ky_id":"dai-viet-1490","don_vi_id":"tt-ninh-soc","don_vi_ten":"Thừa tuyên Ninh Sóc","cap":"thừa tuyên","khop":"gan-dung","tinh_63":"Thái Nguyên"},"geometry":{"type":"Polygon","coordinates":[[[106.096784,21.939207],[106.02334,21.965631],[105.999901,21.933762],[105.908283,21.895838],[105.881196,21.860082],[105.812807,21.8447],[105.798813,21.807961],[105.75827,21.819336],[105.773061,21.952768],[105.740986,22.018178],[105.660061,22.031858],[105.588395,22.00798],[105.553771,21.958965],[105.550913,21.909564],[105.492715,21.830019],[105.493295,21.779332],[105.5236,21.767746],[105.478011,21.674162],[105.495223,21.619331],[105.5402,21.575002],[105.554872,21.571421],[105.650305,21.458332],[105.747145,21.416864],[105.782978,21.360338],[105.829653,21.375121],[105.866779,21.32874],[105.895025,21.327552],[105.939196,21.401231],[105.976449,21.414996],[106.02482,21.397796],[106.039705,21.517561],[106.040145,21.517981],[106.031241,21.571377],[106.077139,21.619476],[106.159967,21.626254],[106.183041,21.605303],[106.189268,21.645989],[106.223754,21.680337],[106.235953,21.721215],[106.111073,21.782486],[106.093041,21.820614],[106.126377,21.925761],[106.096784,21.939207]]]}},{"type":"Feature","properties":{"ky_id":"dai-viet-1490","don_vi_id":"tt-ninh-soc","don_vi_ten":"Thừa tuyên Ninh Sóc","cap":"thừa tuyên","khop":"gan-dung","tinh_63":"Bắc Kạn"},"geometry":{"type":"Polygon","coordinates":[[[106.182984,22.388301],[106.098156,22.413927],[106.117392,22.512339],[106.093266,22.547937],[106.046508,22.578658],[105.912102,22.500104],[105.863022,22.521544],[105.802536,22.524583],[105.73847,22.628083],[105.774508,22.691837],[105.741034,22.740395],[105.664517,22.725445],[105.566469,22.667454],[105.529784,22.63462],[105.5636,22.561581],[105.588866,22.544832],[105.595476,22.489354],[105.558517,22.463306],[105.549483,22.415822],[105.517527,22.402109],[105.510865,22.347615],[105.434252,22.260378],[105.43099,22.21251],[105.491112,22.152896],[105.46198,22.116456],[105.461993,22.074802],[105.50312,21.994179],[105.553771,21.958965],[105.588395,22.00798],[105.660061,22.031858],[105.740986,22.018178],[105.773061,21.952768],[105.75827,21.819336],[105.798813,21.807961],[105.812807,21.8447],[105.881196,21.860082],[105.908283,21.895838],[105.999901,21.933762],[106.02334,21.965631],[106.096784,21.939207],[106.112477,21.994095],[106.097582,22.069946],[106.153604,22.08209],[106.179106,22.130532],[106.228282,22.174101],[106.243592,22.268416],[106.198432,22.312356],[106.218215,22.349351],[106.182984,22.388301]]]}},{"type":"Feature","properties":{"ky_id":"dai-viet-1490","don_vi_id":"tt-ninh-soc","don_vi_ten":"Thừa tuyên Ninh Sóc","cap":"thừa tuyên","khop":"gan-dung","tinh_63":"Cao Bằng"},"geometry":{"type":"Polygon","coordinates":[[[106.564686,22.425843],[106.577717,22.504367],[106.607719,22.603914],[106.646853,22.577923],[106.704514,22.577513],[106.730852,22.596351],[106.72967,22.649321],[106.763239,22.734527],[106.820043,22.777542],[106.815906,22.820893],[106.765908,22.828238],[106.713959,22.856534],[106.690289,22.894713],[106.652359,22.868809],[106.590716,22.934226],[106.564991,22.920373],[106.51115,22.947786],[106.49667,22.906775],[106.447031,22.904742],[106.342612,22.858888],[106.287391,22.871902],[106.250804,22.9115],[106.233071,22.955993],[106.194158,22.992526],[106.00164,22.993618],[106.000423,22.941569],[105.925118,22.953664],[105.860376,22.941647],[105.85291,22.98141],[105.634708,23.08293],[105.576028,23.070084],[105.561423,23.120299],[105.530006,23.11249],[105.489141,23.00841],[105.373464,22.990665],[105.36038,22.943914],[105.30601,22.91324],[105.297833,22.856669],[105.467736,22.75497],[105.497767,22.704284],[105.496297,22.634995],[105.529784,22.63462],[105.566469,22.667454],[105.664517,22.725445],[105.741034,22.740395],[105.774508,22.691837],[105.73847,22.628083],[105.802536,22.524583],[105.863022,22.521544],[105.912102,22.500104],[106.046508,22.578658],[106.093266,22.547937],[106.117392,22.512339],[106.098156,22.413927],[106.182984,22.388301],[106.199135,22.432587],[106.240041,22.460879],[106.342762,22.391639],[106.450238,22.358272],[106.485659,22.370125],[106.564686,22.425843]]]}},{"type":"Feature","properties":{"ky_id":"dai-viet-1490","don_vi_id":"tt-tuyen-quang","don_vi_ten":"Thừa tuyên Tuyên Quang","cap":"thừa tuyên","khop":"mot-phan","tinh_63":"Tuyên Quang"},"geometry":{"type":"Polygon","coordinates":[[[105.496297,22.634995],[105.441341,22.606033],[105.392128,22.630404],[105.282031,22.639709],[105.146983,22.696602],[105.139323,22.624981],[105.113656,22.575405],[105.125014,22.532739],[105.10615,22.491855],[105.114132,22.455374],[105.070713,22.383892],[105.076218,22.353402],[105.043806,22.313083],[105.005629,22.296901],[104.978224,22.325929],[104.912215,22.334854],[104.919823,22.29326],[104.8947,22.186816],[104.847007,22.186198],[104.862733,22.098109],[104.884238,22.071956],[104.995934,22.043526],[104.985003,21.941637],[105.033393,21.892984],[105.086464,21.807925],[105.066986,21.752255],[105.085093,21.719549],[105.175939,21.688075],[105.243509,21.617381],[105.247336,21.584148],[105.29414,21.516303],[105.322942,21.507735],[105.366914,21.52565],[105.426591,21.50559],[105.517558,21.535033],[105.5402,21.575002],[105.495223,21.619331],[105.478011,21.674162],[105.5236,21.767746],[105.493295,21.779332],[105.492715,21.830019],[105.550913,21.909564],[105.553771,21.958965],[105.50312,21.994179],[105.461993,22.074802],[105.46198,22.116456],[105.491112,22.152896],[105.43099,22.21251],[105.434252,22.260378],[105.510865,22.347615],[105.517527,22.402109],[105.549483,22.415822],[105.558517,22.463306],[105.595476,22.489354],[105.588866,22.544832],[105.5636,22.561581],[105.529784,22.63462],[105.496297,22.634995]]]}},{"type":"Feature","properties":{"ky_id":"dai-viet-1490","don_vi_id":"tt-tuyen-quang","don_vi_ten":"Thừa tuyên Tuyên Quang","cap":"thừa tuyên","khop":"mot-phan","tinh_63":"Hà Giang"},"geometry":{"type":"Polygon","coordinates":[[[105.561423,23.120299],[105.569655,23.161257],[105.54039,23.194987],[105.498787,23.202745],[105.490348,23.235963],[105.426725,23.30295],[105.369477,23.320148],[105.320906,23.393841],[105.225707,23.263809],[105.182055,23.278243],[105.10898,23.247125],[105.085899,23.269772],[104.995081,23.205267],[104.956583,23.201415],[104.880004,23.166739],[104.874261,23.129801],[104.802427,23.099295],[104.836623,22.987165],[104.864246,22.952055],[104.837138,22.926909],[104.772122,22.902668],[104.733663,22.831905],[104.671443,22.819023],[104.5895,22.853867],[104.546807,22.842478],[104.516737,22.79932],[104.4648,22.755991],[104.42159,22.738208],[104.397926,22.70301],[104.339378,22.71147],[104.36277,22.673962],[104.396629,22.68139],[104.41024,22.639294],[104.457453,22.614143],[104.422948,22.574393],[104.415747,22.52649],[104.468813,22.489938],[104.447693,22.462928],[104.465109,22.425602],[104.543554,22.382966],[104.57631,22.302595],[104.585007,22.251758],[104.602079,22.287962],[104.720971,22.258603],[104.722299,22.201008],[104.754456,22.174721],[104.847007,22.186198],[104.8947,22.186816],[104.919823,22.29326],[104.912215,22.334854],[104.978224,22.325929],[105.005629,22.296901],[105.043806,22.313083],[105.076218,22.353402],[105.070713,22.383892],[105.114132,22.455374],[105.10615,22.491855],[105.125014,22.532739],[105.113656,22.575405],[105.139323,22.624981],[105.146983,22.696602],[105.282031,22.639709],[105.392128,22.630404],[105.441341,22.606033],[105.496297,22.634995],[105.497767,22.704284],[105.467736,22.75497],[105.297833,22.856669],[105.30601,22.91324],[105.36038,22.943914],[105.373464,22.990665],[105.489141,23.00841],[105.530006,23.11249],[105.561423,23.120299]]]}},{"type":"Feature","properties":{"ky_id":"dai-viet-1490","don_vi_id":"tt-hung-hoa","don_vi_ten":"Thừa tuyên Hưng Hoá","cap":"thừa tuyên","khop":"mot-phan","tinh_63":"Yên Bái"},"geometry":{"type":"Polygon","coordinates":[[[104.847007,22.186198],[104.754456,22.174721],[104.722299,22.201008],[104.720971,22.258603],[104.602079,22.287962],[104.585007,22.251758],[104.619029,22.184541],[104.581558,22.178107],[104.562852,22.089153],[104.41371,22.200688],[104.389856,22.161019],[104.404737,22.1182],[104.378022,22.069217],[104.413936,22.026303],[104.425022,21.936273],[104.353883,21.877518],[104.322984,21.919195],[104.211521,21.950105],[104.229164,21.906225],[104.190154,21.88954],[104.087574,21.916178],[104.009217,21.919801],[103.982903,21.967941],[103.941854,21.919402],[103.890357,21.921654],[103.888036,21.866137],[103.94985,21.80046],[103.964999,21.769795],[103.916426,21.737548],[103.920119,21.701721],[103.9356,21.670625],[104.031355,21.670696],[104.091171,21.643024],[104.215225,21.67336],[104.337776,21.653047],[104.287547,21.602653],[104.295462,21.572957],[104.280739,21.471401],[104.296666,21.439566],[104.384309,21.403322],[104.41906,21.360696],[104.474395,21.353646],[104.528141,21.414533],[104.58728,21.423817],[104.644529,21.384129],[104.733828,21.402508],[104.747392,21.352988],[104.775685,21.32664],[104.811666,21.334422],[104.881979,21.374234],[104.909264,21.449382],[104.867359,21.542123],[104.895902,21.565268],[104.892185,21.609887],[104.9361,21.652469],[104.965789,21.653957],[105.031417,21.701724],[105.085093,21.719549],[105.066986,21.752255],[105.086464,21.807925],[105.033393,21.892984],[104.985003,21.941637],[104.995934,22.043526],[104.884238,22.071956],[104.862733,22.098109],[104.847007,22.186198]]]}},{"type":"Feature","properties":{"ky_id":"dai-viet-1490","don_vi_id":"tt-hung-hoa","don_vi_ten":"Thừa tuyên Hưng Hoá","cap":"thừa tuyên","khop":"mot-phan","tinh_63":"Sơn La"},"geometry":{"type":"Polygon","coordinates":[[[103.920119,21.701721],[103.870777,21.686989],[103.801916,21.741325],[103.756453,21.809773],[103.694831,21.825796],[103.720888,21.880612],[103.68133,21.921872],[103.650234,21.993143],[103.599613,22.013391],[103.52354,22.024662],[103.494957,21.971103],[103.477729,21.914505],[103.520199,21.86327],[103.555248,21.764471],[103.596044,21.68408],[103.571282,21.682207],[103.556748,21.630252],[103.517959,21.565295],[103.513996,21.534288],[103.457729,21.51213],[103.440005,21.432219],[103.39109,21.437146],[103.337093,21.402385],[103.385395,21.362372],[103.370755,21.33102],[103.425991,21.313686],[103.430611,21.167391],[103.395516,21.151505],[103.415663,21.06577],[103.379108,21.062421],[103.312102,21.096879],[103.290365,21.018697],[103.295938,20.950459],[103.28594,20.908081],[103.214221,20.895442],[103.224842,20.844299],[103.282267,20.836243],[103.380334,20.787006],[103.439001,20.80043],[103.461839,20.829272],[103.505339,20.755942],[103.59502,20.746301],[103.665873,20.700861],[103.681848,20.662679],[103.734524,20.669467],[103.732737,20.735587],[103.789829,20.75208],[103.773424,20.80625],[103.808644,20.866955],[103.848821,20.862828],[103.895092,20.907821],[103.941653,20.895155],[103.976266,20.910732],[104.027741,20.903207],[104.04907,20.951285],[104.102097,20.979321],[104.127836,20.951135],[104.186077,20.957563],[104.277614,20.927996],[104.310593,20.904057],[104.324252,20.860688],[104.418068,20.796715],[104.481564,20.769113],[104.49447,20.714535],[104.564539,20.717435],[104.635749,20.654226],[104.738618,20.574708],[104.800393,20.586258],[104.796681,20.619581],[104.845219,20.651771],[104.835847,20.748139],[104.87954,20.76798],[104.995889,20.723958],[104.989736,20.753374],[105.022101,20.801186],[104.975405,20.906966],[104.939292,20.932418],[104.865993,21.029118],[104.850752,21.077387],[104.911413,21.113203],[104.851627,21.151457],[104.862136,21.21013],[104.839086,21.264529],[104.841676,21.310377],[104.811666,21.334422],[104.775685,21.32664],[104.747392,21.352988],[104.733828,21.402508],[104.644529,21.384129],[104.58728,21.423817],[104.528141,21.414533],[104.474395,21.353646],[104.41906,21.360696],[104.384309,21.403322],[104.296666,21.439566],[104.280739,21.471401],[104.295462,21.572957],[104.287547,21.602653],[104.337776,21.653047],[104.215225,21.67336],[104.091171,21.643024],[104.031355,21.670696],[103.9356,21.670625],[103.920119,21.701721]]]}},{"type":"Feature","properties":{"ky_id":"dai-viet-1490","don_vi_id":"tt-hung-hoa","don_vi_ten":"Thừa tuyên Hưng Hoá","cap":"thừa tuyên","khop":"mot-phan","tinh_63":"Lai Châu"},"geometry":{"type":"Polygon","coordinates":[[[103.525305,22.596776],[103.486174,22.620937],[103.431444,22.701482],[103.438691,22.754447],[103.370898,22.799712],[103.332036,22.807136],[103.283753,22.73842],[103.281747,22.686532],[103.224894,22.648057],[103.182522,22.644702],[103.155915,22.595591],[103.181171,22.561115],[103.078132,22.508867],[103.077773,22.452695],[103.02788,22.444404],[102.983351,22.481668],[102.926877,22.484843],[102.87428,22.593782],[102.822655,22.626917],[102.784459,22.62833],[102.687699,22.704517],[102.654068,22.691603],[102.60405,22.734613],[102.561743,22.725207],[102.507531,22.778498],[102.462319,22.769832],[102.433906,22.702992],[102.380794,22.681265],[102.401802,22.642261],[102.353481,22.567832],[102.319306,22.549344],[102.346547,22.493278],[102.38322,22.46985],[102.386184,22.409738],[102.440885,22.365263],[102.541213,22.243728],[102.571931,22.261277],[102.615984,22.236611],[102.617108,22.19888],[102.674519,22.169281],[102.727827,22.238683],[102.751387,22.208748],[102.741173,22.134948],[102.785284,22.086247],[102.82361,22.065329],[102.924513,22.093865],[102.968889,22.030752],[102.998209,22.052862],[103.08788,22.057997],[103.0996,22.103223],[103.146166,22.068329],[103.169628,22.081464],[103.277246,22.039767],[103.282836,22.106934],[103.331898,22.154786],[103.380747,22.15752],[103.402049,22.129895],[103.451351,22.012501],[103.494957,21.971103],[103.52354,22.024662],[103.599613,22.013391],[103.650234,21.993143],[103.68133,21.921872],[103.720888,21.880612],[103.694831,21.825796],[103.756453,21.809773],[103.801916,21.741325],[103.870777,21.686989],[103.920119,21.701721],[103.916426,21.737548],[103.964999,21.769795],[103.94985,21.80046],[103.888036,21.866137],[103.890357,21.921654],[103.941854,21.919402],[103.982903,21.967941],[103.954477,21.999833],[103.934125,22.142334],[103.913707,22.144721],[103.841184,22.225321],[103.817081,22.278229],[103.764189,22.316619],[103.76189,22.392944],[103.727921,22.417167],[103.622107,22.397989],[103.553338,22.472177],[103.593521,22.52596],[103.525305,22.596776]]]}},{"type":"Feature","properties":{"ky_id":"dai-viet-1490","don_vi_id":"tt-thanh-hoa","don_vi_ten":"Thừa tuyên Thanh Hoá","cap":"thừa tuyên","khop":"mot-phan","tinh_63":"Thanh Hoá"},"geometry":{"type":"Polygon","coordinates":[[[105.541138,20.363459],[105.501999,20.361695],[105.422946,20.387659],[105.402908,20.374573],[105.344902,20.391637],[105.300479,20.421427],[105.242638,20.487513],[105.198879,20.519497],[105.080188,20.576808],[105.020087,20.55967],[104.959422,20.608915],[104.957946,20.629047],[104.896099,20.670365],[104.845219,20.651771],[104.796681,20.619581],[104.800393,20.586258],[104.738618,20.574708],[104.635749,20.654226],[104.59881,20.60675],[104.539894,20.599402],[104.52087,20.550576],[104.466924,20.515712],[104.385368,20.485869],[104.380137,20.448753],[104.412487,20.427262],[104.417518,20.378158],[104.463165,20.367327],[104.563407,20.417171],[104.595722,20.417304],[104.646883,20.473196],[104.708769,20.410953],[104.619894,20.366647],[104.61143,20.244642],[104.658763,20.234688],[104.718371,20.201634],[104.769935,20.200714],[104.865038,20.14311],[104.919904,20.142248],[104.95957,20.112444],[104.970538,20.062906],[104.937317,20.041752],[104.914478,19.996883],[104.961215,19.990363],[105.056475,19.932978],[105.090955,19.940328],[105.172047,19.912616],[105.17509,19.856992],[105.14777,19.856436],[105.12576,19.804225],[105.132888,19.742809],[105.162857,19.686107],[105.258861,19.639799],[105.27868,19.564717],[105.266397,19.531092],[105.291419,19.475954],[105.331465,19.532814],[105.401093,19.450869],[105.478153,19.446185],[105.518866,19.465287],[105.590527,19.370772],[105.627932,19.378234],[105.682461,19.304993],[105.735064,19.320358],[105.802214,19.292513],[105.815703,19.318795],[105.784904,19.374943],[105.784411,19.418361],[105.810689,19.43375],[105.803754,19.496424],[105.823158,19.623137],[105.847416,19.695602],[105.895741,19.723302],[105.930622,19.778248],[105.930604,19.830582],[105.95765,19.928467],[106.02318,19.970911],[106.072442,20.056151],[105.958976,20.067258],[105.921697,20.103492],[105.791996,20.17041],[105.740129,20.185572],[105.648717,20.273864],[105.550931,20.332173],[105.541138,20.363459]]]}},{"type":"Feature","properties":{"ky_id":"dai-viet-1490","don_vi_id":"tt-thanh-hoa","don_vi_ten":"Thừa tuyên Thanh Hoá","cap":"thừa tuyên","khop":"mot-phan","tinh_63":"Ninh Bình"},"geometry":{"type":"Polygon","coordinates":[[[105.859609,20.422457],[105.822449,20.418737],[105.792168,20.447732],[105.750017,20.438264],[105.757463,20.378579],[105.703379,20.412655],[105.691453,20.391585],[105.721024,20.33036],[105.68498,20.306703],[105.580477,20.370028],[105.541138,20.363459],[105.550931,20.332173],[105.648717,20.273864],[105.740129,20.185572],[105.791996,20.17041],[105.921697,20.103492],[105.958976,20.067258],[106.072442,20.056151],[106.02318,19.970911],[106.079961,19.922426],[106.098098,19.94509],[106.112432,20.046843],[106.132406,20.059851],[106.165981,20.131369],[106.150207,20.224609],[106.05613,20.219009],[105.980571,20.26432],[105.983051,20.292686],[105.935628,20.327678],[105.933329,20.368352],[105.898353,20.376299],[105.859609,20.422457]]]}},{"type":"Feature","properties":{"ky_id":"dai-viet-1490","don_vi_id":"tt-nghe-an","don_vi_ten":"Thừa tuyên Nghệ An","cap":"thừa tuyên","khop":"gan-dung","tinh_63":"Nghệ An"},"geometry":{"type":"Polygon","coordinates":[[[105.802214,19.292513],[105.735064,19.320358],[105.682461,19.304993],[105.627932,19.378234],[105.590527,19.370772],[105.518866,19.465287],[105.478153,19.446185],[105.401093,19.450869],[105.331465,19.532814],[105.291419,19.475954],[105.266397,19.531092],[105.27868,19.564717],[105.258861,19.639799],[105.162857,19.686107],[105.132888,19.742809],[105.12576,19.804225],[105.14777,19.856436],[105.17509,19.856992],[105.172047,19.912616],[105.090955,19.940328],[105.056475,19.932978],[104.961215,19.990363],[104.914478,19.996883],[104.893884,19.958777],[104.847278,19.931417],[104.848489,19.87271],[104.824944,19.788003],[104.797358,19.791155],[104.753628,19.750679],[104.721827,19.75556],[104.661727,19.700762],[104.650495,19.63947],[104.569349,19.615178],[104.505549,19.622733],[104.39539,19.697766],[104.318227,19.688217],[104.23367,19.708569],[104.109603,19.661079],[104.068982,19.668826],[104.059251,19.618711],[104.106377,19.569371],[104.093187,19.491392],[104.050091,19.426047],[103.955618,19.385232],[103.950661,19.359526],[103.905289,19.33105],[103.923013,19.28599],[103.960154,19.25218],[104.008379,19.23486],[104.07048,19.247229],[104.100133,19.21545],[104.17824,19.198819],[104.209465,19.127509],[104.27817,19.120799],[104.304707,19.094528],[104.399647,19.057404],[104.446314,18.987469],[104.49606,19.004103],[104.576382,18.911785],[104.626515,18.888788],[104.675164,18.838573],[104.793571,18.784907],[104.917397,18.785209],[104.93996,18.740396],[104.98977,18.745158],[105.050224,18.706951],[105.104906,18.706177],[105.196742,18.642114],[105.186711,18.603571],[105.228886,18.589729],[105.278114,18.625399],[105.36213,18.581502],[105.50234,18.611221],[105.54144,18.554612],[105.614507,18.578412],[105.635192,18.567771],[105.686355,18.591683],[105.687773,18.625239],[105.722673,18.672872],[105.764907,18.688852],[105.741354,18.739689],[105.756847,18.760325],[105.713493,18.841842],[105.633203,18.900139],[105.616913,18.975428],[105.622152,19.033874],[105.668532,19.097608],[105.735767,19.105386],[105.727702,19.178631],[105.737291,19.222462],[105.767783,19.236849],[105.802214,19.292513]]]}},{"type":"Feature","properties":{"ky_id":"dai-viet-1490","don_vi_id":"tt-nghe-an","don_vi_ten":"Thừa tuyên Nghệ An","cap":"thừa tuyên","khop":"gan-dung","tinh_63":"Hà Tĩnh"},"geometry":{"type":"Polygon","coordinates":[[[105.756847,18.760325],[105.741354,18.739689],[105.764907,18.688852],[105.722673,18.672872],[105.687773,18.625239],[105.686355,18.591683],[105.635192,18.567771],[105.614507,18.578412],[105.54144,18.554612],[105.50234,18.611221],[105.36213,18.581502],[105.278114,18.625399],[105.228886,18.589729],[105.186711,18.603571],[105.13254,18.592058],[105.114451,18.539688],[105.108181,18.435768],[105.178186,18.391336],[105.189538,18.320905],[105.242476,18.295994],[105.256332,18.268715],[105.329019,18.254143],[105.318279,18.200791],[105.408314,18.155595],[105.458748,18.206281],[105.500006,18.188983],[105.510557,18.149411],[105.569566,18.084221],[105.581426,18.012342],[105.641735,17.991199],[105.702433,17.993221],[105.737822,18.037756],[105.807901,18.02702],[105.828037,18.065972],[105.929324,18.090007],[105.98425,18.06489],[106.075069,17.991278],[106.046932,17.967368],[106.074987,17.935565],[106.171309,17.915655],[106.222886,17.930904],[106.258462,17.917248],[106.338296,17.989851],[106.508459,17.961023],[106.445426,18.03365],[106.420265,18.091652],[106.349537,18.096728],[106.312518,18.148502],[106.247681,18.215743],[106.157433,18.268236],[106.096216,18.277593],[105.988348,18.386057],[105.938968,18.459326],[105.925152,18.450556],[105.835374,18.577738],[105.806457,18.640255],[105.775989,18.757715],[105.756847,18.760325]]]}},{"type":"Feature","properties":{"ky_id":"dai-viet-1490","don_vi_id":"tt-thuan-hoa","don_vi_ten":"Thừa tuyên Thuận Hoá","cap":"thừa tuyên","khop":"mot-phan","tinh_63":"Quảng Trị"},"geometry":{"type":"Polygon","coordinates":[[[107.386191,16.743695],[107.244533,16.855941],[107.165821,16.933414],[107.111634,17.011229],[107.10825,17.090271],[106.989562,17.16507],[106.934406,17.110853],[106.865191,17.080326],[106.846523,17.033062],[106.814713,17.040717],[106.782319,16.987288],[106.770292,16.93158],[106.742399,16.922974],[106.684588,16.957705],[106.65962,16.938531],[106.605614,16.940298],[106.547635,16.99898],[106.54643,16.929992],[106.517486,16.890201],[106.54792,16.869115],[106.549784,16.695626],[106.563727,16.643278],[106.647185,16.593662],[106.645706,16.540926],[106.673493,16.454002],[106.723374,16.426611],[106.75999,16.426076],[106.800602,16.465129],[106.829167,16.550104],[106.887221,16.515611],[106.869947,16.436192],[106.919104,16.37261],[106.962264,16.35771],[106.962308,16.308469],[107.016986,16.30368],[106.986559,16.340953],[107.034173,16.375959],[107.058309,16.432558],[107.12605,16.445502],[107.117197,16.488622],[107.065734,16.51215],[107.059864,16.539322],[107.166618,16.578894],[107.242568,16.587415],[107.269942,16.568046],[107.326512,16.609619],[107.304507,16.641661],[107.386191,16.743695]]]}},{"type":"Feature","properties":{"ky_id":"dai-viet-1490","don_vi_id":"tt-thuan-hoa","don_vi_ten":"Thừa tuyên Thuận Hoá","cap":"thừa tuyên","khop":"mot-phan","tinh_63":"Huế"},"geometry":{"type":"Polygon","coordinates":[[[108.192448,16.211386],[108.095563,16.225127],[108.054806,16.217487],[108.034807,16.261379],[108.037007,16.30917],[107.974278,16.318652],[107.884878,16.377649],[107.764604,16.482304],[107.665934,16.554345],[107.6126,16.575527],[107.506936,16.649018],[107.386191,16.743695],[107.304507,16.641661],[107.326512,16.609619],[107.269942,16.568046],[107.242568,16.587415],[107.166618,16.578894],[107.059864,16.539322],[107.065734,16.51215],[107.117197,16.488622],[107.12605,16.445502],[107.058309,16.432558],[107.034173,16.375959],[106.986559,16.340953],[107.016986,16.30368],[107.080287,16.31441],[107.148952,16.268281],[107.142826,16.216169],[107.157641,16.169551],[107.192454,16.146081],[107.237479,16.148444],[107.281598,16.119693],[107.30569,16.082266],[107.377039,16.074274],[107.456899,16.080209],[107.465405,16.025993],[107.541146,16.01176],[107.567323,16.054254],[107.700893,15.996001],[107.724897,16.031446],[107.787755,16.067538],[107.816729,16.058449],[107.854271,16.115492],[107.874148,16.197533],[107.90962,16.2164],[107.954345,16.190183],[107.986125,16.214433],[108.055123,16.180138],[108.127009,16.186571],[108.192448,16.211386]]]}},{"type":"Feature","properties":{"ky_id":"dai-viet-1490","don_vi_id":"tt-quang-nam","don_vi_ten":"Thừa tuyên Quảng Nam","cap":"thừa tuyên","khop":"gan-dung","tinh_63":"Quảng Nam"},"geometry":{"type":"Polygon","coordinates":[[[107.816729,16.058449],[107.787755,16.067538],[107.724897,16.031446],[107.700893,15.996001],[107.567323,16.054254],[107.541146,16.01176],[107.465405,16.025993],[107.425084,15.930314],[107.39835,15.896785],[107.314101,15.88544],[107.208561,15.827106],[107.242819,15.746247],[107.275387,15.697356],[107.262453,15.657833],[107.287962,15.625177],[107.340339,15.615549],[107.36283,15.570453],[107.38046,15.494816],[107.453453,15.504117],[107.512352,15.47368],[107.517084,15.416564],[107.557816,15.396324],[107.621949,15.416072],[107.659488,15.38708],[107.661518,15.355945],[107.706347,15.304657],[107.73532,15.235755],[107.882197,15.197291],[107.926512,15.210292],[107.949385,15.176388],[107.998159,15.153221],[107.973073,15.068891],[107.95059,15.051417],[107.985148,15.00189],[108.042539,14.994541],[108.087849,14.951616],[108.148306,14.964275],[108.146548,15.05013],[108.181025,15.057817],[108.23671,15.032735],[108.255581,15.117102],[108.29975,15.174809],[108.280394,15.245719],[108.321777,15.301429],[108.404725,15.311372],[108.484035,15.310241],[108.505459,15.326727],[108.593162,15.344968],[108.650187,15.369424],[108.717136,15.374384],[108.736829,15.400676],[108.683726,15.474287],[108.64766,15.473849],[108.629819,15.507091],[108.571021,15.566915],[108.50642,15.655878],[108.429669,15.778988],[108.40357,15.871157],[108.326954,15.923572],[108.287564,15.968486],[108.245209,15.975826],[108.221452,15.948731],[108.182996,15.966225],[108.148328,15.934975],[108.10316,15.946047],[107.981635,15.920726],[107.951784,15.945705],[107.981387,16.011226],[107.941853,16.060264],[107.90047,16.035056],[107.859318,16.062472],[107.816729,16.058449]]]}},{"type":"Feature","properties":{"ky_id":"dai-viet-1490","don_vi_id":"tt-quang-nam","don_vi_ten":"Thừa tuyên Quảng Nam","cap":"thừa tuyên","khop":"gan-dung","tinh_63":"Quảng Ngãi"},"geometry":{"type":"Polygon","coordinates":[[[109.07963,14.579504],[109.063041,14.658193],[109.074766,14.705723],[109.033675,14.763434],[108.977802,14.863398],[108.920008,15.007308],[108.901924,15.077829],[108.892864,15.183091],[108.933616,15.216945],[108.868665,15.299152],[108.882975,15.326279],[108.82647,15.383765],[108.736829,15.400676],[108.717136,15.374384],[108.650187,15.369424],[108.593162,15.344968],[108.505459,15.326727],[108.484035,15.310241],[108.404725,15.311372],[108.321777,15.301429],[108.280394,15.245719],[108.29975,15.174809],[108.255581,15.117102],[108.23671,15.032735],[108.266741,14.985407],[108.312622,14.945782],[108.321706,14.912279],[108.364412,14.880379],[108.395405,14.826099],[108.458331,14.790933],[108.491939,14.801403],[108.526145,14.754255],[108.511108,14.685938],[108.4833,14.644643],[108.545537,14.589654],[108.626158,14.545373],[108.70081,14.612986],[108.757126,14.59664],[108.759427,14.668674],[108.935666,14.697413],[109.015531,14.665676],[109.0428,14.610797],[109.07963,14.579504]]]}},{"type":"Feature","properties":{"ky_id":"dai-viet-1490","don_vi_id":"tt-quang-nam","don_vi_ten":"Thừa tuyên Quảng Nam","cap":"thừa tuyên","khop":"gan-dung","tinh_63":"Bình Định"},"geometry":{"type":"Polygon","coordinates":[[[109.07963,14.579504],[109.0428,14.610797],[109.015531,14.665676],[108.935666,14.697413],[108.759427,14.668674],[108.757126,14.59664],[108.70081,14.612986],[108.626158,14.545373],[108.640747,14.476221],[108.610722,14.438947],[108.653801,14.263861],[108.679152,14.1927],[108.66466,14.167332],[108.718755,14.070025],[108.749208,14.046008],[108.761881,13.993244],[108.743214,13.910875],[108.82587,13.793186],[108.833484,13.740672],[108.818907,13.660583],[108.848951,13.570419],[108.87052,13.536637],[108.905566,13.542637],[108.95727,13.518961],[109.023613,13.530034],[109.04782,13.562017],[109.115894,13.587169],[109.151435,13.637524],[109.16131,13.682713],[109.20035,13.694629],[109.230999,13.672844],[109.214542,13.750767],[109.237853,13.776685],[109.218913,13.835522],[109.250145,13.867889],[109.26605,13.758545],[109.291298,13.776329],[109.294336,13.886052],[109.269087,13.895936],[109.240225,13.947768],[109.25529,13.98974],[109.214653,14.079946],[109.218653,14.139587],[109.179956,14.213753],[109.182705,14.279457],[109.119008,14.37183],[109.120833,14.445643],[109.074046,14.533898],[109.07963,14.579504]]]}},{"type":"Feature","properties":{"ky_id":"dai-nam-1838","don_vi_id":"tinh-1831-hung-hoa","don_vi_ten":"Tỉnh Hưng Hoá","cap":"tỉnh","khop":"gan-dung","tinh_63":"Phú Thọ"},"geometry":{"type":"Polygon","coordinates":[[[105.322942,21.507735],[105.29414,21.516303],[105.247336,21.584148],[105.243509,21.617381],[105.175939,21.688075],[105.085093,21.719549],[105.031417,21.701724],[104.965789,21.653957],[104.9361,21.652469],[104.892185,21.609887],[104.895902,21.565268],[104.867359,21.542123],[104.909264,21.449382],[104.881979,21.374234],[104.811666,21.334422],[104.841676,21.310377],[104.839086,21.264529],[104.862136,21.21013],[104.851627,21.151457],[104.911413,21.113203],[104.920345,21.075673],[105.052996,21.011204],[105.090254,20.961557],[105.130963,20.939269],[105.205235,20.952714],[105.310435,20.925138],[105.342844,20.94265],[105.315043,21.012525],[105.292086,21.049533],[105.317931,21.114708],[105.285794,21.161049],[105.339135,21.208945],[105.360838,21.292426],[105.402034,21.297588],[105.438803,21.265816],[105.454771,21.310023],[105.390298,21.368316],[105.396598,21.409921],[105.349706,21.419109],[105.322942,21.507735]]]}},{"type":"Feature","properties":{"ky_id":"dai-nam-1838","don_vi_id":"tinh-1831-hung-hoa","don_vi_ten":"Tỉnh Hưng Hoá","cap":"tỉnh","khop":"gan-dung","tinh_63":"Yên Bái"},"geometry":{"type":"Polygon","coordinates":[[[104.847007,22.186198],[104.754456,22.174721],[104.722299,22.201008],[104.720971,22.258603],[104.602079,22.287962],[104.585007,22.251758],[104.619029,22.184541],[104.581558,22.178107],[104.562852,22.089153],[104.41371,22.200688],[104.389856,22.161019],[104.404737,22.1182],[104.378022,22.069217],[104.413936,22.026303],[104.425022,21.936273],[104.353883,21.877518],[104.322984,21.919195],[104.211521,21.950105],[104.229164,21.906225],[104.190154,21.88954],[104.087574,21.916178],[104.009217,21.919801],[103.982903,21.967941],[103.941854,21.919402],[103.890357,21.921654],[103.888036,21.866137],[103.94985,21.80046],[103.964999,21.769795],[103.916426,21.737548],[103.920119,21.701721],[103.9356,21.670625],[104.031355,21.670696],[104.091171,21.643024],[104.215225,21.67336],[104.337776,21.653047],[104.287547,21.602653],[104.295462,21.572957],[104.280739,21.471401],[104.296666,21.439566],[104.384309,21.403322],[104.41906,21.360696],[104.474395,21.353646],[104.528141,21.414533],[104.58728,21.423817],[104.644529,21.384129],[104.733828,21.402508],[104.747392,21.352988],[104.775685,21.32664],[104.811666,21.334422],[104.881979,21.374234],[104.909264,21.449382],[104.867359,21.542123],[104.895902,21.565268],[104.892185,21.609887],[104.9361,21.652469],[104.965789,21.653957],[105.031417,21.701724],[105.085093,21.719549],[105.066986,21.752255],[105.086464,21.807925],[105.033393,21.892984],[104.985003,21.941637],[104.995934,22.043526],[104.884238,22.071956],[104.862733,22.098109],[104.847007,22.186198]]]}},{"type":"Feature","properties":{"ky_id":"dai-nam-1838","don_vi_id":"tinh-1831-hung-hoa","don_vi_ten":"Tỉnh Hưng Hoá","cap":"tỉnh","khop":"gan-dung","tinh_63":"Tuyên Quang"},"geometry":{"type":"Polygon","coordinates":[[[105.496297,22.634995],[105.441341,22.606033],[105.392128,22.630404],[105.282031,22.639709],[105.146983,22.696602],[105.139323,22.624981],[105.113656,22.575405],[105.125014,22.532739],[105.10615,22.491855],[105.114132,22.455374],[105.070713,22.383892],[105.076218,22.353402],[105.043806,22.313083],[105.005629,22.296901],[104.978224,22.325929],[104.912215,22.334854],[104.919823,22.29326],[104.8947,22.186816],[104.847007,22.186198],[104.862733,22.098109],[104.884238,22.071956],[104.995934,22.043526],[104.985003,21.941637],[105.033393,21.892984],[105.086464,21.807925],[105.066986,21.752255],[105.085093,21.719549],[105.175939,21.688075],[105.243509,21.617381],[105.247336,21.584148],[105.29414,21.516303],[105.322942,21.507735],[105.366914,21.52565],[105.426591,21.50559],[105.517558,21.535033],[105.5402,21.575002],[105.495223,21.619331],[105.478011,21.674162],[105.5236,21.767746],[105.493295,21.779332],[105.492715,21.830019],[105.550913,21.909564],[105.553771,21.958965],[105.50312,21.994179],[105.461993,22.074802],[105.46198,22.116456],[105.491112,22.152896],[105.43099,22.21251],[105.434252,22.260378],[105.510865,22.347615],[105.517527,22.402109],[105.549483,22.415822],[105.558517,22.463306],[105.595476,22.489354],[105.588866,22.544832],[105.5636,22.561581],[105.529784,22.63462],[105.496297,22.634995]]]}},{"type":"Feature","properties":{"ky_id":"dai-nam-1838","don_vi_id":"tinh-1831-hung-hoa","don_vi_ten":"Tỉnh Hưng Hoá","cap":"tỉnh","khop":"gan-dung","tinh_63":"Lai Châu"},"geometry":{"type":"Polygon","coordinates":[[[103.525305,22.596776],[103.486174,22.620937],[103.431444,22.701482],[103.438691,22.754447],[103.370898,22.799712],[103.332036,22.807136],[103.283753,22.73842],[103.281747,22.686532],[103.224894,22.648057],[103.182522,22.644702],[103.155915,22.595591],[103.181171,22.561115],[103.078132,22.508867],[103.077773,22.452695],[103.02788,22.444404],[102.983351,22.481668],[102.926877,22.484843],[102.87428,22.593782],[102.822655,22.626917],[102.784459,22.62833],[102.687699,22.704517],[102.654068,22.691603],[102.60405,22.734613],[102.561743,22.725207],[102.507531,22.778498],[102.462319,22.769832],[102.433906,22.702992],[102.380794,22.681265],[102.401802,22.642261],[102.353481,22.567832],[102.319306,22.549344],[102.346547,22.493278],[102.38322,22.46985],[102.386184,22.409738],[102.440885,22.365263],[102.541213,22.243728],[102.571931,22.261277],[102.615984,22.236611],[102.617108,22.19888],[102.674519,22.169281],[102.727827,22.238683],[102.751387,22.208748],[102.741173,22.134948],[102.785284,22.086247],[102.82361,22.065329],[102.924513,22.093865],[102.968889,22.030752],[102.998209,22.052862],[103.08788,22.057997],[103.0996,22.103223],[103.146166,22.068329],[103.169628,22.081464],[103.277246,22.039767],[103.282836,22.106934],[103.331898,22.154786],[103.380747,22.15752],[103.402049,22.129895],[103.451351,22.012501],[103.494957,21.971103],[103.52354,22.024662],[103.599613,22.013391],[103.650234,21.993143],[103.68133,21.921872],[103.720888,21.880612],[103.694831,21.825796],[103.756453,21.809773],[103.801916,21.741325],[103.870777,21.686989],[103.920119,21.701721],[103.916426,21.737548],[103.964999,21.769795],[103.94985,21.80046],[103.888036,21.866137],[103.890357,21.921654],[103.941854,21.919402],[103.982903,21.967941],[103.954477,21.999833],[103.934125,22.142334],[103.913707,22.144721],[103.841184,22.225321],[103.817081,22.278229],[103.764189,22.316619],[103.76189,22.392944],[103.727921,22.417167],[103.622107,22.397989],[103.553338,22.472177],[103.593521,22.52596],[103.525305,22.596776]]]}},{"type":"Feature","properties":{"ky_id":"dai-nam-1838","don_vi_id":"tinh-1831-hung-hoa","don_vi_ten":"Tỉnh Hưng Hoá","cap":"tỉnh","khop":"gan-dung","tinh_63":"Sơn La"},"geometry":{"type":"Polygon","coordinates":[[[103.920119,21.701721],[103.870777,21.686989],[103.801916,21.741325],[103.756453,21.809773],[103.694831,21.825796],[103.720888,21.880612],[103.68133,21.921872],[103.650234,21.993143],[103.599613,22.013391],[103.52354,22.024662],[103.494957,21.971103],[103.477729,21.914505],[103.520199,21.86327],[103.555248,21.764471],[103.596044,21.68408],[103.571282,21.682207],[103.556748,21.630252],[103.517959,21.565295],[103.513996,21.534288],[103.457729,21.51213],[103.440005,21.432219],[103.39109,21.437146],[103.337093,21.402385],[103.385395,21.362372],[103.370755,21.33102],[103.425991,21.313686],[103.430611,21.167391],[103.395516,21.151505],[103.415663,21.06577],[103.379108,21.062421],[103.312102,21.096879],[103.290365,21.018697],[103.295938,20.950459],[103.28594,20.908081],[103.214221,20.895442],[103.224842,20.844299],[103.282267,20.836243],[103.380334,20.787006],[103.439001,20.80043],[103.461839,20.829272],[103.505339,20.755942],[103.59502,20.746301],[103.665873,20.700861],[103.681848,20.662679],[103.734524,20.669467],[103.732737,20.735587],[103.789829,20.75208],[103.773424,20.80625],[103.808644,20.866955],[103.848821,20.862828],[103.895092,20.907821],[103.941653,20.895155],[103.976266,20.910732],[104.027741,20.903207],[104.04907,20.951285],[104.102097,20.979321],[104.127836,20.951135],[104.186077,20.957563],[104.277614,20.927996],[104.310593,20.904057],[104.324252,20.860688],[104.418068,20.796715],[104.481564,20.769113],[104.49447,20.714535],[104.564539,20.717435],[104.635749,20.654226],[104.738618,20.574708],[104.800393,20.586258],[104.796681,20.619581],[104.845219,20.651771],[104.835847,20.748139],[104.87954,20.76798],[104.995889,20.723958],[104.989736,20.753374],[105.022101,20.801186],[104.975405,20.906966],[104.939292,20.932418],[104.865993,21.029118],[104.850752,21.077387],[104.911413,21.113203],[104.851627,21.151457],[104.862136,21.21013],[104.839086,21.264529],[104.841676,21.310377],[104.811666,21.334422],[104.775685,21.32664],[104.747392,21.352988],[104.733828,21.402508],[104.644529,21.384129],[104.58728,21.423817],[104.528141,21.414533],[104.474395,21.353646],[104.41906,21.360696],[104.384309,21.403322],[104.296666,21.439566],[104.280739,21.471401],[104.295462,21.572957],[104.287547,21.602653],[104.337776,21.653047],[104.215225,21.67336],[104.091171,21.643024],[104.031355,21.670696],[103.9356,21.670625],[103.920119,21.701721]]]}},{"type":"Feature","properties":{"ky_id":"dai-nam-1838","don_vi_id":"tinh-1831-thai-nguyen","don_vi_ten":"Tỉnh Thái Nguyên","cap":"tỉnh","khop":"gan-dung","tinh_63":"Thái Nguyên"},"geometry":{"type":"Polygon","coordinates":[[[106.096784,21.939207],[106.02334,21.965631],[105.999901,21.933762],[105.908283,21.895838],[105.881196,21.860082],[105.812807,21.8447],[105.798813,21.807961],[105.75827,21.819336],[105.773061,21.952768],[105.740986,22.018178],[105.660061,22.031858],[105.588395,22.00798],[105.553771,21.958965],[105.550913,21.909564],[105.492715,21.830019],[105.493295,21.779332],[105.5236,21.767746],[105.478011,21.674162],[105.495223,21.619331],[105.5402,21.575002],[105.554872,21.571421],[105.650305,21.458332],[105.747145,21.416864],[105.782978,21.360338],[105.829653,21.375121],[105.866779,21.32874],[105.895025,21.327552],[105.939196,21.401231],[105.976449,21.414996],[106.02482,21.397796],[106.039705,21.517561],[106.040145,21.517981],[106.031241,21.571377],[106.077139,21.619476],[106.159967,21.626254],[106.183041,21.605303],[106.189268,21.645989],[106.223754,21.680337],[106.235953,21.721215],[106.111073,21.782486],[106.093041,21.820614],[106.126377,21.925761],[106.096784,21.939207]]]}},{"type":"Feature","properties":{"ky_id":"dai-nam-1838","don_vi_id":"tinh-1831-thai-nguyen","don_vi_ten":"Tỉnh Thái Nguyên","cap":"tỉnh","khop":"gan-dung","tinh_63":"Bắc Kạn"},"geometry":{"type":"Polygon","coordinates":[[[106.182984,22.388301],[106.098156,22.413927],[106.117392,22.512339],[106.093266,22.547937],[106.046508,22.578658],[105.912102,22.500104],[105.863022,22.521544],[105.802536,22.524583],[105.73847,22.628083],[105.774508,22.691837],[105.741034,22.740395],[105.664517,22.725445],[105.566469,22.667454],[105.529784,22.63462],[105.5636,22.561581],[105.588866,22.544832],[105.595476,22.489354],[105.558517,22.463306],[105.549483,22.415822],[105.517527,22.402109],[105.510865,22.347615],[105.434252,22.260378],[105.43099,22.21251],[105.491112,22.152896],[105.46198,22.116456],[105.461993,22.074802],[105.50312,21.994179],[105.553771,21.958965],[105.588395,22.00798],[105.660061,22.031858],[105.740986,22.018178],[105.773061,21.952768],[105.75827,21.819336],[105.798813,21.807961],[105.812807,21.8447],[105.881196,21.860082],[105.908283,21.895838],[105.999901,21.933762],[106.02334,21.965631],[106.096784,21.939207],[106.112477,21.994095],[106.097582,22.069946],[106.153604,22.08209],[106.179106,22.130532],[106.228282,22.174101],[106.243592,22.268416],[106.198432,22.312356],[106.218215,22.349351],[106.182984,22.388301]]]}},{"type":"Feature","properties":{"ky_id":"dai-nam-1838","don_vi_id":"tinh-1831-quang-yen","don_vi_ten":"Tỉnh Quảng Yên","cap":"tỉnh","khop":"gan-dung","tinh_63":"Quảng Ninh"},"geometry":{"type":"MultiPolygon","coordinates":[[[[107.543453,21.009702],[107.522994,21.026457],[107.484035,20.986467],[107.460214,20.907046],[107.521303,20.933764],[107.543453,21.009702]]],[[[107.463174,21.271741],[107.450094,21.233345],[107.473122,21.190212],[107.428862,21.126799],[107.398202,21.11684],[107.379525,21.048318],[107.459658,21.088754],[107.533542,21.159868],[107.568155,21.166368],[107.523729,21.225825],[107.463174,21.271741]]],[[[106.865642,20.832543],[106.84022,20.887889],[106.871867,20.926364],[106.926407,20.912968],[106.922825,20.960133],[107.033319,20.948612],[107.061747,20.961443],[107.160806,20.92881],[107.245497,21.000638],[107.354932,21.002734],[107.365117,21.098439],[107.388622,21.13497],[107.361175,21.164733],[107.362604,21.26087],[107.401305,21.302069],[107.522411,21.323133],[107.571784,21.315795],[107.623004,21.335601],[107.666727,21.383056],[107.672824,21.41583],[107.746031,21.407521],[107.794957,21.497156],[107.852079,21.526168],[107.914632,21.526684],[107.988786,21.485017],[108.001295,21.542094],[107.950264,21.540592],[107.940688,21.570493],[107.899502,21.587908],[107.854426,21.655757],[107.807472,21.658866],[107.674726,21.60959],[107.590087,21.606781],[107.541753,21.590913],[107.492361,21.597193],[107.495304,21.635667],[107.464345,21.664778],[107.428472,21.650598],[107.381534,21.597231],[107.360522,21.600674],[107.292275,21.593923],[107.279241,21.567046],[107.215119,21.553411],[107.244309,21.483999],[107.236509,21.460726],[107.262911,21.400311],[107.169418,21.364701],[107.098382,21.376233],[107.029598,21.32529],[106.9713,21.284702],[106.983555,21.258102],[106.933467,21.170163],[106.827289,21.188519],[106.789603,21.150177],[106.578962,21.193235],[106.540198,21.194209],[106.499524,21.225476],[106.483605,21.130685],[106.437874,21.106307],[106.453435,21.06612],[106.53211,21.048861],[106.573173,21.058442],[106.609856,21.022248],[106.649872,21.020454],[106.765369,20.978281],[106.768534,20.920052],[106.752135,20.881563],[106.761095,20.811785],[106.794232,20.850963],[106.841784,20.819854],[106.865642,20.832543]]]]}},{"type":"Feature","properties":{"ky_id":"dai-nam-1838","don_vi_id":"tinh-1831-bac-ninh","don_vi_ten":"Tỉnh Bắc Ninh","cap":"tỉnh","khop":"gan-dung","tinh_63":"Bắc Ninh"},"geometry":{"type":"Polygon","coordinates":[[[106.297412,21.122746],[106.245836,21.172847],[106.117476,21.199309],[105.991373,21.264299],[105.957928,21.227368],[105.935567,21.244376],[105.90999,21.224297],[105.939192,21.085731],[106.000977,21.073068],[106.018364,21.042248],[105.999009,21.001745],[106.084017,21.007194],[106.125229,20.984827],[106.171951,20.97545],[106.232838,20.995943],[106.271199,20.991852],[106.309155,21.058705],[106.297412,21.122746]]]}},{"type":"Feature","properties":{"ky_id":"dai-nam-1838","don_vi_id":"tinh-1831-bac-ninh","don_vi_ten":"Tỉnh Bắc Ninh","cap":"tỉnh","khop":"gan-dung","tinh_63":"Bắc Giang"},"geometry":{"type":"Polygon","coordinates":[[[106.183041,21.605303],[106.159967,21.626254],[106.077139,21.619476],[106.031241,21.571377],[106.040145,21.517981],[106.039705,21.517561],[106.02482,21.397796],[105.976449,21.414996],[105.939196,21.401231],[105.895025,21.327552],[105.935567,21.244376],[105.957928,21.227368],[105.991373,21.264299],[106.117476,21.199309],[106.245836,21.172847],[106.297412,21.122746],[106.421579,21.231242],[106.499524,21.225476],[106.540198,21.194209],[106.578962,21.193235],[106.789603,21.150177],[106.827289,21.188519],[106.933467,21.170163],[106.983555,21.258102],[106.9713,21.284702],[107.029598,21.32529],[106.987599,21.35925],[106.981351,21.440045],[106.909734,21.431363],[106.887483,21.491567],[106.842196,21.56055],[106.763941,21.574087],[106.75215,21.54179],[106.697175,21.574867],[106.667479,21.610093],[106.570001,21.602916],[106.505678,21.524978],[106.466615,21.439272],[106.419785,21.439598],[106.377249,21.394703],[106.325119,21.408383],[106.327527,21.439592],[106.280915,21.453966],[106.285935,21.490666],[106.195999,21.50165],[106.165817,21.51734],[106.167551,21.597036],[106.183041,21.605303]]]}},{"type":"Feature","properties":{"ky_id":"dai-nam-1838","don_vi_id":"tinh-1831-hai-duong","don_vi_ten":"Tỉnh Hải Dương","cap":"tỉnh","khop":"gan-dung","tinh_63":"Hải Dương"},"geometry":{"type":"Polygon","coordinates":[[[106.499524,21.225476],[106.421579,21.231242],[106.297412,21.122746],[106.309155,21.058705],[106.271199,20.991852],[106.232838,20.995943],[106.171951,20.97545],[106.125229,20.984827],[106.146301,20.959472],[106.144903,20.882755],[106.123366,20.834266],[106.152722,20.781449],[106.212875,20.751283],[106.223338,20.710012],[106.267656,20.685549],[106.330436,20.710653],[106.357489,20.702601],[106.405077,20.733103],[106.435727,20.721195],[106.49616,20.761057],[106.485321,20.86724],[106.54595,20.868883],[106.541394,20.944767],[106.590133,20.955388],[106.553034,20.997346],[106.609856,21.022248],[106.573173,21.058442],[106.53211,21.048861],[106.453435,21.06612],[106.437874,21.106307],[106.483605,21.130685],[106.499524,21.225476]]]}},{"type":"Feature","properties":{"ky_id":"dai-nam-1838","don_vi_id":"tinh-1831-hai-duong","don_vi_ten":"Tỉnh Hải Dương","cap":"tỉnh","khop":"gan-dung","tinh_63":"Hải Phòng"},"geometry":{"type":"MultiPolygon","coordinates":[[[[106.95277,20.868765],[106.932845,20.815589],[106.985635,20.738902],[107.009907,20.746991],[107.055937,20.719367],[107.075674,20.825152],[107.033486,20.862565],[106.95277,20.868765]]],[[[106.761095,20.811785],[106.752135,20.881563],[106.768534,20.920052],[106.765369,20.978281],[106.649872,21.020454],[106.609856,21.022248],[106.553034,20.997346],[106.590133,20.955388],[106.541394,20.944767],[106.54595,20.868883],[106.485321,20.86724],[106.49616,20.761057],[106.435727,20.721195],[106.405077,20.733103],[106.400186,20.694215],[106.437324,20.662282],[106.448184,20.622632],[106.517291,20.604164],[106.600359,20.640433],[106.623305,20.627527],[106.665395,20.636205],[106.714839,20.68822],[106.763383,20.713884],[106.780076,20.74388],[106.746694,20.783941],[106.761095,20.811785]]]]}},{"type":"Feature","properties":{"ky_id":"dai-nam-1838","don_vi_id":"tinh-1831-hung-yen","don_vi_ten":"Tỉnh Hưng Yên","cap":"tỉnh","khop":"mot-phan","tinh_63":"Hưng Yên"},"geometry":{"type":"Polygon","coordinates":[[[106.125229,20.984827],[106.084017,21.007194],[105.999009,21.001745],[105.90927,20.973435],[105.897996,20.892128],[105.931984,20.85504],[105.909382,20.833922],[105.923572,20.790264],[105.965976,20.773329],[105.963987,20.72311],[106.001262,20.70528],[106.031754,20.685622],[106.032116,20.64019],[106.077798,20.60506],[106.118557,20.618133],[106.14244,20.660594],[106.221993,20.642251],[106.267656,20.685549],[106.223338,20.710012],[106.212875,20.751283],[106.152722,20.781449],[106.123366,20.834266],[106.144903,20.882755],[106.146301,20.959472],[106.125229,20.984827]]]}},{"type":"Feature","properties":{"ky_id":"dai-nam-1838","don_vi_id":"tinh-1831-ha-noi","don_vi_ten":"Tỉnh Hà Nội","cap":"tỉnh","khop":"gan-dung","tinh_63":"Hà Nội"},"geometry":{"type":"Polygon","coordinates":[[[105.895025,21.327552],[105.866779,21.32874],[105.829653,21.375121],[105.782978,21.360338],[105.759605,21.304391],[105.721125,21.265027],[105.721925,21.226101],[105.644162,21.237065],[105.617319,21.176421],[105.559914,21.153615],[105.481837,21.166371],[105.438803,21.265816],[105.402034,21.297588],[105.360838,21.292426],[105.339135,21.208945],[105.285794,21.161049],[105.317931,21.114708],[105.292086,21.049533],[105.315043,21.012525],[105.384955,21.025054],[105.444858,20.956498],[105.501133,20.930378],[105.564868,20.928112],[105.557836,20.881348],[105.627679,20.821935],[105.644315,20.741172],[105.681293,20.697556],[105.682752,20.639617],[105.706151,20.600377],[105.741274,20.600093],[105.767978,20.565142],[105.793011,20.568614],[105.811491,20.635377],[105.843759,20.657976],[105.873816,20.644175],[105.9402,20.682525],[105.975071,20.666425],[106.001262,20.70528],[105.963987,20.72311],[105.965976,20.773329],[105.923572,20.790264],[105.909382,20.833922],[105.931984,20.85504],[105.897996,20.892128],[105.90927,20.973435],[105.999009,21.001745],[106.018364,21.042248],[106.000977,21.073068],[105.939192,21.085731],[105.90999,21.224297],[105.935567,21.244376],[105.895025,21.327552]]]}},{"type":"Feature","properties":{"ky_id":"dai-nam-1838","don_vi_id":"tinh-1831-ha-noi","don_vi_ten":"Tỉnh Hà Nội","cap":"tỉnh","khop":"gan-dung","tinh_63":"Hà Nam"},"geometry":{"type":"Polygon","coordinates":[[[106.118557,20.618133],[106.077798,20.60506],[106.032116,20.64019],[106.031754,20.685622],[106.001262,20.70528],[105.975071,20.666425],[105.9402,20.682525],[105.873816,20.644175],[105.843759,20.657976],[105.811491,20.635377],[105.793011,20.568614],[105.767978,20.565142],[105.793642,20.512953],[105.850135,20.476941],[105.859609,20.422457],[105.898353,20.376299],[105.933329,20.368352],[105.974675,20.439588],[106.018473,20.418992],[106.041597,20.469249],[106.090331,20.45732],[106.183633,20.483661],[106.170662,20.545544],[106.13249,20.574016],[106.118557,20.618133]]]}},{"type":"Feature","properties":{"ky_id":"dai-nam-1838","don_vi_id":"tinh-1831-nam-dinh","don_vi_ten":"Tỉnh Nam Định","cap":"tỉnh","khop":"gan-dung","tinh_63":"Nam Định"},"geometry":{"type":"Polygon","coordinates":[[[106.183633,20.483661],[106.090331,20.45732],[106.041597,20.469249],[106.018473,20.418992],[105.974675,20.439588],[105.933329,20.368352],[105.935628,20.327678],[105.983051,20.292686],[105.980571,20.26432],[106.05613,20.219009],[106.150207,20.224609],[106.165981,20.131369],[106.132406,20.059851],[106.112432,20.046843],[106.098098,19.94509],[106.157887,19.95411],[106.231578,20.041714],[106.355346,20.174932],[106.401748,20.203182],[106.479895,20.218008],[106.51419,20.235866],[106.564339,20.231698],[106.563297,20.280001],[106.524877,20.317433],[106.474051,20.292306],[106.42498,20.306232],[106.334812,20.37783],[106.267753,20.327755],[106.272156,20.403941],[106.218984,20.411431],[106.221457,20.47151],[106.183633,20.483661]]]}},{"type":"Feature","properties":{"ky_id":"dai-nam-1838","don_vi_id":"tinh-1831-nam-dinh","don_vi_ten":"Tỉnh Nam Định","cap":"tỉnh","khop":"gan-dung","tinh_63":"Thái Bình"},"geometry":{"type":"Polygon","coordinates":[[[106.623305,20.627527],[106.600359,20.640433],[106.517291,20.604164],[106.448184,20.622632],[106.437324,20.662282],[106.400186,20.694215],[106.405077,20.733103],[106.357489,20.702601],[106.330436,20.710653],[106.267656,20.685549],[106.221993,20.642251],[106.14244,20.660594],[106.118557,20.618133],[106.13249,20.574016],[106.170662,20.545544],[106.183633,20.483661],[106.221457,20.47151],[106.218984,20.411431],[106.272156,20.403941],[106.267753,20.327755],[106.334812,20.37783],[106.42498,20.306232],[106.474051,20.292306],[106.524877,20.317433],[106.563297,20.280001],[106.587963,20.300557],[106.577837,20.371998],[106.597249,20.4423],[106.574177,20.524984],[106.623305,20.627527]]]}},{"type":"Feature","properties":{"ky_id":"dai-nam-1838","don_vi_id":"tinh-1831-ninh-binh","don_vi_ten":"Tỉnh Ninh Bình","cap":"tỉnh","khop":"mot-phan","tinh_63":"Ninh Bình"},"geometry":{"type":"Polygon","coordinates":[[[105.859609,20.422457],[105.822449,20.418737],[105.792168,20.447732],[105.750017,20.438264],[105.757463,20.378579],[105.703379,20.412655],[105.691453,20.391585],[105.721024,20.33036],[105.68498,20.306703],[105.580477,20.370028],[105.541138,20.363459],[105.550931,20.332173],[105.648717,20.273864],[105.740129,20.185572],[105.791996,20.17041],[105.921697,20.103492],[105.958976,20.067258],[106.072442,20.056151],[106.02318,19.970911],[106.079961,19.922426],[106.098098,19.94509],[106.112432,20.046843],[106.132406,20.059851],[106.165981,20.131369],[106.150207,20.224609],[106.05613,20.219009],[105.980571,20.26432],[105.983051,20.292686],[105.935628,20.327678],[105.933329,20.368352],[105.898353,20.376299],[105.859609,20.422457]]]}},{"type":"Feature","properties":{"ky_id":"dai-nam-1838","don_vi_id":"tinh-1831-thanh-hoa","don_vi_ten":"Tỉnh Thanh Hoá","cap":"tỉnh","khop":"gan-dung","tinh_63":"Thanh Hoá"},"geometry":{"type":"Polygon","coordinates":[[[105.541138,20.363459],[105.501999,20.361695],[105.422946,20.387659],[105.402908,20.374573],[105.344902,20.391637],[105.300479,20.421427],[105.242638,20.487513],[105.198879,20.519497],[105.080188,20.576808],[105.020087,20.55967],[104.959422,20.608915],[104.957946,20.629047],[104.896099,20.670365],[104.845219,20.651771],[104.796681,20.619581],[104.800393,20.586258],[104.738618,20.574708],[104.635749,20.654226],[104.59881,20.60675],[104.539894,20.599402],[104.52087,20.550576],[104.466924,20.515712],[104.385368,20.485869],[104.380137,20.448753],[104.412487,20.427262],[104.417518,20.378158],[104.463165,20.367327],[104.563407,20.417171],[104.595722,20.417304],[104.646883,20.473196],[104.708769,20.410953],[104.619894,20.366647],[104.61143,20.244642],[104.658763,20.234688],[104.718371,20.201634],[104.769935,20.200714],[104.865038,20.14311],[104.919904,20.142248],[104.95957,20.112444],[104.970538,20.062906],[104.937317,20.041752],[104.914478,19.996883],[104.961215,19.990363],[105.056475,19.932978],[105.090955,19.940328],[105.172047,19.912616],[105.17509,19.856992],[105.14777,19.856436],[105.12576,19.804225],[105.132888,19.742809],[105.162857,19.686107],[105.258861,19.639799],[105.27868,19.564717],[105.266397,19.531092],[105.291419,19.475954],[105.331465,19.532814],[105.401093,19.450869],[105.478153,19.446185],[105.518866,19.465287],[105.590527,19.370772],[105.627932,19.378234],[105.682461,19.304993],[105.735064,19.320358],[105.802214,19.292513],[105.815703,19.318795],[105.784904,19.374943],[105.784411,19.418361],[105.810689,19.43375],[105.803754,19.496424],[105.823158,19.623137],[105.847416,19.695602],[105.895741,19.723302],[105.930622,19.778248],[105.930604,19.830582],[105.95765,19.928467],[106.02318,19.970911],[106.072442,20.056151],[105.958976,20.067258],[105.921697,20.103492],[105.791996,20.17041],[105.740129,20.185572],[105.648717,20.273864],[105.550931,20.332173],[105.541138,20.363459]]]}},{"type":"Feature","properties":{"ky_id":"dai-nam-1838","don_vi_id":"tinh-1831-nghe-an","don_vi_ten":"Tỉnh Nghệ An","cap":"tỉnh","khop":"gan-dung","tinh_63":"Nghệ An"},"geometry":{"type":"Polygon","coordinates":[[[105.802214,19.292513],[105.735064,19.320358],[105.682461,19.304993],[105.627932,19.378234],[105.590527,19.370772],[105.518866,19.465287],[105.478153,19.446185],[105.401093,19.450869],[105.331465,19.532814],[105.291419,19.475954],[105.266397,19.531092],[105.27868,19.564717],[105.258861,19.639799],[105.162857,19.686107],[105.132888,19.742809],[105.12576,19.804225],[105.14777,19.856436],[105.17509,19.856992],[105.172047,19.912616],[105.090955,19.940328],[105.056475,19.932978],[104.961215,19.990363],[104.914478,19.996883],[104.893884,19.958777],[104.847278,19.931417],[104.848489,19.87271],[104.824944,19.788003],[104.797358,19.791155],[104.753628,19.750679],[104.721827,19.75556],[104.661727,19.700762],[104.650495,19.63947],[104.569349,19.615178],[104.505549,19.622733],[104.39539,19.697766],[104.318227,19.688217],[104.23367,19.708569],[104.109603,19.661079],[104.068982,19.668826],[104.059251,19.618711],[104.106377,19.569371],[104.093187,19.491392],[104.050091,19.426047],[103.955618,19.385232],[103.950661,19.359526],[103.905289,19.33105],[103.923013,19.28599],[103.960154,19.25218],[104.008379,19.23486],[104.07048,19.247229],[104.100133,19.21545],[104.17824,19.198819],[104.209465,19.127509],[104.27817,19.120799],[104.304707,19.094528],[104.399647,19.057404],[104.446314,18.987469],[104.49606,19.004103],[104.576382,18.911785],[104.626515,18.888788],[104.675164,18.838573],[104.793571,18.784907],[104.917397,18.785209],[104.93996,18.740396],[104.98977,18.745158],[105.050224,18.706951],[105.104906,18.706177],[105.196742,18.642114],[105.186711,18.603571],[105.228886,18.589729],[105.278114,18.625399],[105.36213,18.581502],[105.50234,18.611221],[105.54144,18.554612],[105.614507,18.578412],[105.635192,18.567771],[105.686355,18.591683],[105.687773,18.625239],[105.722673,18.672872],[105.764907,18.688852],[105.741354,18.739689],[105.756847,18.760325],[105.713493,18.841842],[105.633203,18.900139],[105.616913,18.975428],[105.622152,19.033874],[105.668532,19.097608],[105.735767,19.105386],[105.727702,19.178631],[105.737291,19.222462],[105.767783,19.236849],[105.802214,19.292513]]]}},{"type":"Feature","properties":{"ky_id":"dai-nam-1838","don_vi_id":"tinh-1831-ha-tinh","don_vi_ten":"Tỉnh Hà Tĩnh","cap":"tỉnh","khop":"gan-dung","tinh_63":"Hà Tĩnh"},"geometry":{"type":"Polygon","coordinates":[[[105.756847,18.760325],[105.741354,18.739689],[105.764907,18.688852],[105.722673,18.672872],[105.687773,18.625239],[105.686355,18.591683],[105.635192,18.567771],[105.614507,18.578412],[105.54144,18.554612],[105.50234,18.611221],[105.36213,18.581502],[105.278114,18.625399],[105.228886,18.589729],[105.186711,18.603571],[105.13254,18.592058],[105.114451,18.539688],[105.108181,18.435768],[105.178186,18.391336],[105.189538,18.320905],[105.242476,18.295994],[105.256332,18.268715],[105.329019,18.254143],[105.318279,18.200791],[105.408314,18.155595],[105.458748,18.206281],[105.500006,18.188983],[105.510557,18.149411],[105.569566,18.084221],[105.581426,18.012342],[105.641735,17.991199],[105.702433,17.993221],[105.737822,18.037756],[105.807901,18.02702],[105.828037,18.065972],[105.929324,18.090007],[105.98425,18.06489],[106.075069,17.991278],[106.046932,17.967368],[106.074987,17.935565],[106.171309,17.915655],[106.222886,17.930904],[106.258462,17.917248],[106.338296,17.989851],[106.508459,17.961023],[106.445426,18.03365],[106.420265,18.091652],[106.349537,18.096728],[106.312518,18.148502],[106.247681,18.215743],[106.157433,18.268236],[106.096216,18.277593],[105.988348,18.386057],[105.938968,18.459326],[105.925152,18.450556],[105.835374,18.577738],[105.806457,18.640255],[105.775989,18.757715],[105.756847,18.760325]]]}},{"type":"Feature","properties":{"ky_id":"dai-nam-1838","don_vi_id":"tinh-1831-quang-binh","don_vi_ten":"Tỉnh Quảng Bình","cap":"tỉnh","khop":"gan-dung","tinh_63":"Quảng Bình"},"geometry":{"type":"Polygon","coordinates":[[[106.508459,17.961023],[106.338296,17.989851],[106.258462,17.917248],[106.222886,17.930904],[106.171309,17.915655],[106.074987,17.935565],[106.046932,17.967368],[106.075069,17.991278],[105.98425,18.06489],[105.929324,18.090007],[105.828037,18.065972],[105.807901,18.02702],[105.737822,18.037756],[105.702433,17.993221],[105.641735,17.991199],[105.606756,17.897441],[105.682796,17.823786],[105.673972,17.799982],[105.741952,17.721854],[105.748835,17.670253],[105.78999,17.670901],[105.858874,17.619583],[106.087806,17.363615],[106.234554,17.250718],[106.303559,17.258296],[106.332792,17.23429],[106.319806,17.193438],[106.346097,17.150058],[106.414789,17.079356],[106.400456,17.053222],[106.439217,16.996031],[106.514602,16.972668],[106.547635,16.99898],[106.605614,16.940298],[106.65962,16.938531],[106.684588,16.957705],[106.742399,16.922974],[106.770292,16.93158],[106.782319,16.987288],[106.814713,17.040717],[106.846523,17.033062],[106.865191,17.080326],[106.934406,17.110853],[106.989562,17.16507],[106.812024,17.296657],[106.751076,17.347426],[106.658592,17.445474],[106.590881,17.539426],[106.498555,17.683585],[106.462487,17.757514],[106.442606,17.853861],[106.508459,17.961023]]]}},{"type":"Feature","properties":{"ky_id":"dai-nam-1838","don_vi_id":"tinh-1831-quang-tri","don_vi_ten":"Tỉnh Quảng Trị","cap":"tỉnh","khop":"gan-dung","tinh_63":"Quảng Trị"},"geometry":{"type":"Polygon","coordinates":[[[107.386191,16.743695],[107.244533,16.855941],[107.165821,16.933414],[107.111634,17.011229],[107.10825,17.090271],[106.989562,17.16507],[106.934406,17.110853],[106.865191,17.080326],[106.846523,17.033062],[106.814713,17.040717],[106.782319,16.987288],[106.770292,16.93158],[106.742399,16.922974],[106.684588,16.957705],[106.65962,16.938531],[106.605614,16.940298],[106.547635,16.99898],[106.54643,16.929992],[106.517486,16.890201],[106.54792,16.869115],[106.549784,16.695626],[106.563727,16.643278],[106.647185,16.593662],[106.645706,16.540926],[106.673493,16.454002],[106.723374,16.426611],[106.75999,16.426076],[106.800602,16.465129],[106.829167,16.550104],[106.887221,16.515611],[106.869947,16.436192],[106.919104,16.37261],[106.962264,16.35771],[106.962308,16.308469],[107.016986,16.30368],[106.986559,16.340953],[107.034173,16.375959],[107.058309,16.432558],[107.12605,16.445502],[107.117197,16.488622],[107.065734,16.51215],[107.059864,16.539322],[107.166618,16.578894],[107.242568,16.587415],[107.269942,16.568046],[107.326512,16.609619],[107.304507,16.641661],[107.386191,16.743695]]]}},{"type":"Feature","properties":{"ky_id":"dai-nam-1838","don_vi_id":"tinh-1831-quang-nam","don_vi_ten":"Tỉnh Quảng Nam","cap":"tỉnh","khop":"gan-dung","tinh_63":"Quảng Nam"},"geometry":{"type":"Polygon","coordinates":[[[107.816729,16.058449],[107.787755,16.067538],[107.724897,16.031446],[107.700893,15.996001],[107.567323,16.054254],[107.541146,16.01176],[107.465405,16.025993],[107.425084,15.930314],[107.39835,15.896785],[107.314101,15.88544],[107.208561,15.827106],[107.242819,15.746247],[107.275387,15.697356],[107.262453,15.657833],[107.287962,15.625177],[107.340339,15.615549],[107.36283,15.570453],[107.38046,15.494816],[107.453453,15.504117],[107.512352,15.47368],[107.517084,15.416564],[107.557816,15.396324],[107.621949,15.416072],[107.659488,15.38708],[107.661518,15.355945],[107.706347,15.304657],[107.73532,15.235755],[107.882197,15.197291],[107.926512,15.210292],[107.949385,15.176388],[107.998159,15.153221],[107.973073,15.068891],[107.95059,15.051417],[107.985148,15.00189],[108.042539,14.994541],[108.087849,14.951616],[108.148306,14.964275],[108.146548,15.05013],[108.181025,15.057817],[108.23671,15.032735],[108.255581,15.117102],[108.29975,15.174809],[108.280394,15.245719],[108.321777,15.301429],[108.404725,15.311372],[108.484035,15.310241],[108.505459,15.326727],[108.593162,15.344968],[108.650187,15.369424],[108.717136,15.374384],[108.736829,15.400676],[108.683726,15.474287],[108.64766,15.473849],[108.629819,15.507091],[108.571021,15.566915],[108.50642,15.655878],[108.429669,15.778988],[108.40357,15.871157],[108.326954,15.923572],[108.287564,15.968486],[108.245209,15.975826],[108.221452,15.948731],[108.182996,15.966225],[108.148328,15.934975],[108.10316,15.946047],[107.981635,15.920726],[107.951784,15.945705],[107.981387,16.011226],[107.941853,16.060264],[107.90047,16.035056],[107.859318,16.062472],[107.816729,16.058449]]]}},{"type":"Feature","properties":{"ky_id":"dai-nam-1838","don_vi_id":"tinh-1831-quang-nam","don_vi_ten":"Tỉnh Quảng Nam","cap":"tỉnh","khop":"gan-dung","tinh_63":"Đà Nẵng"},"geometry":{"type":"MultiPolygon","coordinates":[[[[111.21578,15.77342],[111.19502,15.777181],[111.211803,15.798287],[111.228142,15.79147],[111.21578,15.77342]]],[[[108.180158,16.07621],[108.247436,16.156393],[108.317796,16.115652],[108.246849,16.087269],[108.253406,16.036355],[108.287564,15.968486],[108.245209,15.975826],[108.221452,15.948731],[108.182996,15.966225],[108.148328,15.934975],[108.10316,15.946047],[107.981635,15.920726],[107.951784,15.945705],[107.981387,16.011226],[107.941853,16.060264],[107.90047,16.035056],[107.859318,16.062472],[107.816729,16.058449],[107.854271,16.115492],[107.874148,16.197533],[107.90962,16.2164],[107.954345,16.190183],[107.986125,16.214433],[108.055123,16.180138],[108.127009,16.186571],[108.192448,16.211386],[108.154371,16.190263],[108.122461,16.140884],[108.142087,16.098591],[108.180158,16.07621]]],[[[111.700957,16.227983],[111.684596,16.237847],[111.693736,16.247272],[111.707466,16.245379],[111.700957,16.227983]]],[[[111.638865,16.28344],[111.770021,16.298119],[111.791286,16.287272],[111.666846,16.276499],[111.62387,16.193168],[111.577918,16.18246],[111.561001,16.214911],[111.638865,16.28344]]],[[[111.555916,16.454236],[111.536623,16.439673],[111.529534,16.46121],[111.555916,16.454236]]],[[[111.579606,16.474154],[111.598472,16.48592],[111.611638,16.438146],[111.579606,16.474154]]],[[[111.589974,16.516587],[111.599016,16.50677],[111.584091,16.507324],[111.589974,16.516587]]],[[[111.638719,16.542809],[111.626056,16.521524],[111.6084,16.539847],[111.638719,16.542809]]],[[[111.700987,16.545166],[111.692049,16.54912],[111.690857,16.559324],[111.697727,16.562094],[111.700987,16.545166]]],[[[111.647454,16.550582],[111.644941,16.564152],[111.672504,16.570318],[111.670954,16.546009],[111.647454,16.550582]]],[[[111.360557,16.720346],[111.366694,16.742005],[111.396372,16.744596],[111.387885,16.70931],[111.360557,16.720346]]],[[[111.559873,17.101075],[111.491642,17.066152],[111.450933,17.093594],[111.509824,17.113993],[111.559873,17.101075]]],[[[112.578739,16.058746],[112.524361,16.021268],[112.464947,16.01019],[112.448006,16.04259],[112.554939,16.074356],[112.578739,16.058746]]],[[[111.821837,16.06294],[111.783334,16.037919],[111.773287,16.078461],[111.821837,16.06294]]],[[[112.032246,16.36558],[112.078244,16.341103],[112.018944,16.34068],[111.971511,16.320733],[111.978023,16.358864],[112.032246,16.36558]]],[[[111.698568,16.455873],[111.706176,16.462053],[111.719564,16.45668],[111.713131,16.446507],[111.698568,16.455873]]],[[[111.744734,16.444993],[111.734732,16.454455],[111.754106,16.492491],[111.756819,16.532772],[111.778311,16.509421],[111.744734,16.444993]]],[[[111.709182,16.551624],[111.728052,16.575313],[111.737839,16.538513],[111.709182,16.551624]]],[[[112.631814,16.569242],[112.631129,16.574165],[112.639837,16.574522],[112.637035,16.568933],[112.631814,16.569242]]],[[[112.727119,16.676773],[112.739808,16.658389],[112.720681,16.669789],[112.727119,16.676773]]],[[[112.34487,16.839957],[112.333117,16.827767],[112.319406,16.840571],[112.335615,16.850487],[112.34487,16.839957]]],[[[112.317679,16.957089],[112.297263,16.967881],[112.300529,16.973383],[112.324541,16.959043],[112.317679,16.957089]]],[[[112.210314,16.966853],[112.211124,16.996598],[112.243862,17.002345],[112.284164,16.978976],[112.210314,16.966853]]]]}},{"type":"Feature","properties":{"ky_id":"dai-nam-1838","don_vi_id":"tinh-1831-quang-ngai","don_vi_ten":"Tỉnh Quảng Ngãi","cap":"tỉnh","khop":"gan-dung","tinh_63":"Quảng Ngãi"},"geometry":{"type":"Polygon","coordinates":[[[109.07963,14.579504],[109.063041,14.658193],[109.074766,14.705723],[109.033675,14.763434],[108.977802,14.863398],[108.920008,15.007308],[108.901924,15.077829],[108.892864,15.183091],[108.933616,15.216945],[108.868665,15.299152],[108.882975,15.326279],[108.82647,15.383765],[108.736829,15.400676],[108.717136,15.374384],[108.650187,15.369424],[108.593162,15.344968],[108.505459,15.326727],[108.484035,15.310241],[108.404725,15.311372],[108.321777,15.301429],[108.280394,15.245719],[108.29975,15.174809],[108.255581,15.117102],[108.23671,15.032735],[108.266741,14.985407],[108.312622,14.945782],[108.321706,14.912279],[108.364412,14.880379],[108.395405,14.826099],[108.458331,14.790933],[108.491939,14.801403],[108.526145,14.754255],[108.511108,14.685938],[108.4833,14.644643],[108.545537,14.589654],[108.626158,14.545373],[108.70081,14.612986],[108.757126,14.59664],[108.759427,14.668674],[108.935666,14.697413],[109.015531,14.665676],[109.0428,14.610797],[109.07963,14.579504]]]}},{"type":"Feature","properties":{"ky_id":"dai-nam-1838","don_vi_id":"tinh-1831-binh-dinh","don_vi_ten":"Tỉnh Bình Định","cap":"tỉnh","khop":"gan-dung","tinh_63":"Bình Định"},"geometry":{"type":"Polygon","coordinates":[[[109.07963,14.579504],[109.0428,14.610797],[109.015531,14.665676],[108.935666,14.697413],[108.759427,14.668674],[108.757126,14.59664],[108.70081,14.612986],[108.626158,14.545373],[108.640747,14.476221],[108.610722,14.438947],[108.653801,14.263861],[108.679152,14.1927],[108.66466,14.167332],[108.718755,14.070025],[108.749208,14.046008],[108.761881,13.993244],[108.743214,13.910875],[108.82587,13.793186],[108.833484,13.740672],[108.818907,13.660583],[108.848951,13.570419],[108.87052,13.536637],[108.905566,13.542637],[108.95727,13.518961],[109.023613,13.530034],[109.04782,13.562017],[109.115894,13.587169],[109.151435,13.637524],[109.16131,13.682713],[109.20035,13.694629],[109.230999,13.672844],[109.214542,13.750767],[109.237853,13.776685],[109.218913,13.835522],[109.250145,13.867889],[109.26605,13.758545],[109.291298,13.776329],[109.294336,13.886052],[109.269087,13.895936],[109.240225,13.947768],[109.25529,13.98974],[109.214653,14.079946],[109.218653,14.139587],[109.179956,14.213753],[109.182705,14.279457],[109.119008,14.37183],[109.120833,14.445643],[109.074046,14.533898],[109.07963,14.579504]]]}},{"type":"Feature","properties":{"ky_id":"dai-nam-1838","don_vi_id":"tinh-1831-phu-yen","don_vi_ten":"Tỉnh Phú Yên","cap":"tỉnh","khop":"gan-dung","tinh_63":"Phú Yên"},"geometry":{"type":"Polygon","coordinates":[[[109.386926,12.844283],[109.400988,12.868573],[109.456958,12.885009],[109.441285,12.920379],[109.365024,13.02229],[109.291483,13.150928],[109.292113,13.218751],[109.314466,13.258176],[109.289483,13.283907],[109.289063,13.353568],[109.218074,13.418137],[109.244811,13.491989],[109.235008,13.590561],[109.19927,13.629083],[109.230999,13.672844],[109.20035,13.694629],[109.16131,13.682713],[109.151435,13.637524],[109.115894,13.587169],[109.04782,13.562017],[109.023613,13.530034],[108.95727,13.518961],[108.905566,13.542637],[108.87052,13.536637],[108.848951,13.570419],[108.786358,13.578743],[108.748258,13.566928],[108.701878,13.488201],[108.743313,13.459603],[108.792338,13.472727],[108.809695,13.356693],[108.870925,13.277463],[108.851675,13.197394],[108.828345,13.166198],[108.774071,13.146382],[108.748457,13.094732],[108.754328,13.034252],[108.69191,13.017471],[108.678433,12.997336],[108.719759,12.9528],[108.752528,12.939488],[108.792982,12.868798],[108.843661,12.858818],[108.868379,12.81776],[108.965165,12.817256],[108.984514,12.783577],[108.990271,12.70697],[109.040086,12.747248],[109.089008,12.769212],[109.160856,12.824435],[109.226038,12.813715],[109.364625,12.868159],[109.386926,12.844283]]]}},{"type":"Feature","properties":{"ky_id":"dai-nam-1838","don_vi_id":"tinh-1831-khanh-hoa","don_vi_ten":"Tỉnh Khánh Hoà","cap":"tỉnh","khop":"gan-dung","tinh_63":"Khánh Hòa"},"geometry":{"type":"MultiPolygon","coordinates":[[[[111.540209,7.565029],[111.571121,7.561788],[111.541423,7.51187],[111.540209,7.565029]]],[[[111.617776,7.574463],[111.607983,7.566187],[111.606995,7.572667],[111.615248,7.579965],[111.617776,7.574463]]],[[[111.657864,7.617059],[111.659801,7.640617],[111.703394,7.650193],[111.657864,7.617059]]],[[[111.55008,7.662297],[111.557165,7.650684],[111.548888,7.642207],[111.539502,7.661564],[111.55008,7.662297]]],[[[111.718317,7.666171],[111.723259,7.667943],[111.724552,7.664538],[111.722802,7.661356],[111.718317,7.666171]]],[[[111.712613,7.669067],[111.703467,7.668892],[111.699428,7.679787],[111.710839,7.674003],[111.712613,7.669067]]],[[[111.743015,7.694611],[111.751605,7.685341],[111.741818,7.676114],[111.743015,7.694611]]],[[[111.752833,7.731451],[111.747879,7.731316],[111.747327,7.740971],[111.754058,7.740072],[111.752833,7.731451]]],[[[111.732755,7.782969],[111.74368,7.790226],[111.74588,7.758857],[111.734761,7.76375],[111.732755,7.782969]]],[[[110.45338,7.802787],[110.486739,7.848803],[110.497242,7.820714],[110.45338,7.802787]]],[[[109.130004,7.814111],[109.112366,7.836325],[109.124526,7.849243],[109.147573,7.835486],[109.130004,7.814111]]],[[[111.685151,7.83292],[111.690965,7.836198],[111.689461,7.827773],[111.685151,7.83292]]],[[[111.724669,7.856545],[111.737535,7.869775],[111.740537,7.838385],[111.724669,7.856545]]],[[[111.701417,7.94735],[111.728993,7.942889],[111.721864,7.923826],[111.698679,7.935974],[111.701417,7.94735]]],[[[110.591769,8.02689],[110.594669,8.069106],[110.63514,8.061415],[110.617992,8.004678],[110.591769,8.02689]]],[[[110.492294,8.070119],[110.499472,8.075268],[110.501781,8.070005],[110.492294,8.070119]]],[[[110.459209,8.080644],[110.465663,8.081919],[110.464766,8.077708],[110.461539,8.077071],[110.459209,8.080644]]],[[[110.554292,8.117226],[110.542042,8.107566],[110.537777,8.107202],[110.555113,8.121243],[110.554292,8.117226]]],[[[110.45194,8.144459],[110.442042,8.144153],[110.44164,8.150464],[110.449188,8.150937],[110.45194,8.144459]]],[[[110.477875,8.167738],[110.489921,8.168608],[110.486877,8.162171],[110.478147,8.162161],[110.477875,8.167738]]],[[[111.916267,8.639973],[111.917267,8.647616],[111.922007,8.644888],[111.916267,8.639973]]],[[[111.694104,8.684573],[111.668409,8.668745],[111.643921,8.670155],[111.68896,8.693615],[111.694104,8.684573]]],[[[109.219958,11.773425],[109.212004,11.778245],[109.213622,11.787963],[109.220497,11.783325],[109.219958,11.773425]]],[[[109.220944,11.85324],[109.234645,11.841236],[109.222321,11.836449],[109.220944,11.85324]]],[[[109.319935,12.008029],[109.322433,12.005278],[109.320522,12.003547],[109.317935,12.006189],[109.319935,12.008029]]],[[[109.323963,12.041622],[109.325126,12.035283],[109.319695,12.039427],[109.323963,12.041622]]],[[[109.295944,12.166498],[109.303277,12.172873],[109.315321,12.164436],[109.295944,12.166498]]],[[[109.235347,12.175918],[109.241507,12.180972],[109.249488,12.170307],[109.235347,12.175918]]],[[[109.268547,12.176125],[109.269703,12.182538],[109.275017,12.181576],[109.273773,12.174826],[109.268547,12.176125]]],[[[109.220867,12.198479],[109.228653,12.195921],[109.223046,12.186526],[109.217195,12.189924],[109.220867,12.198479]]],[[[109.322927,12.186304],[109.277702,12.228603],[109.328845,12.220189],[109.322927,12.186304]]],[[[109.359779,12.268166],[109.355836,12.269848],[109.35637,12.274418],[109.360609,12.274293],[109.359779,12.268166]]],[[[109.368457,12.280899],[109.366541,12.282378],[109.366089,12.286691],[109.368319,12.286157],[109.368457,12.280899]]],[[[109.23937,12.28969],[109.239686,12.291835],[109.243781,12.29092],[109.241902,12.288247],[109.23937,12.28969]]],[[[108.787635,12.158282],[108.727051,12.163277],[108.698814,12.241015],[108.702225,12.305665],[108.678423,12.317935],[108.686801,12.375499],[108.667961,12.424453],[108.714451,12.484852],[108.788233,12.501079],[108.834961,12.464653],[108.894299,12.562066],[108.861917,12.596075],[108.895626,12.626874],[108.940736,12.695839],[108.990271,12.70697],[109.040086,12.747248],[109.089008,12.769212],[109.160856,12.824435],[109.226038,12.813715],[109.364625,12.868159],[109.386926,12.844283],[109.355224,12.821883],[109.363894,12.775329],[109.425096,12.669813],[109.438574,12.571825],[109.388139,12.62959],[109.395819,12.648635],[109.391177,12.652382],[109.395496,12.656283],[109.398148,12.654409],[109.405291,12.672122],[109.353909,12.767774],[109.324729,12.796162],[109.253909,12.708066],[109.226792,12.695955],[109.18903,12.577315],[109.232578,12.570808],[109.237942,12.509131],[109.291635,12.478122],[109.290655,12.424756],[109.262132,12.37859],[109.175565,12.457161],[109.140167,12.410572],[109.196021,12.39587],[109.203555,12.290334],[109.195113,12.254725],[109.205291,12.175473],[109.220755,12.142741],[109.193941,12.117482],[109.201267,12.061175],[109.244846,11.981917],[109.27005,11.861247],[109.200899,11.883509],[109.213561,11.938477],[109.118839,11.888528],[109.109062,11.849606],[109.14235,11.81909],[109.169209,11.865319],[109.193248,11.812744],[109.135112,11.805597],[109.090963,11.816513],[109.045092,11.899032],[108.984673,11.916775],[108.845303,11.98415],[108.852527,12.015518],[108.807148,12.061024],[108.781533,12.124845],[108.787635,12.158282]]],[[[109.209413,12.362382],[109.213783,12.363444],[109.214632,12.359547],[109.212013,12.359276],[109.209413,12.362382]]],[[[109.372549,12.359652],[109.366134,12.369235],[109.370643,12.370776],[109.378248,12.361444],[109.377922,12.357925],[109.372549,12.359652]]],[[[109.227973,12.399612],[109.237181,12.393816],[109.235088,12.382903],[109.221572,12.386889],[109.227973,12.399612]]],[[[109.219558,12.402832],[109.223655,12.401917],[109.221775,12.399244],[109.219241,12.400686],[109.219558,12.402832]]],[[[109.21698,12.401044],[109.214446,12.402487],[109.214763,12.404632],[109.21886,12.403718],[109.21698,12.401044]]],[[[109.375264,12.480891],[109.377394,12.479226],[109.375646,12.476414],[109.372888,12.478387],[109.375264,12.480891]]],[[[109.345575,12.4906],[109.358571,12.483845],[109.354401,12.47917],[109.344885,12.485138],[109.345575,12.4906]]],[[[109.29408,12.486642],[109.293627,12.495391],[109.306863,12.498558],[109.301014,12.488036],[109.29408,12.486642]]],[[[109.391396,12.547083],[109.388803,12.549727],[109.390809,12.551568],[109.393312,12.548814],[109.391396,12.547083]]],[[[109.345783,12.62802],[109.382991,12.624652],[109.383414,12.566991],[109.336167,12.592904],[109.345783,12.62802]]],[[[109.446658,12.599775],[109.449161,12.59702],[109.447244,12.59529],[109.444651,12.597935],[109.446658,12.599775]]],[[[109.305513,12.640922],[109.308018,12.638169],[109.306102,12.636437],[109.303506,12.639081],[109.305513,12.640922]]],[[[109.29309,12.637191],[109.290495,12.639834],[109.292501,12.641675],[109.295007,12.638922],[109.29309,12.637191]]],[[[109.217358,12.641313],[109.21482,12.642756],[109.215137,12.644902],[109.219239,12.643987],[109.217358,12.641313]]],[[[109.315424,12.641983],[109.313608,12.646657],[109.315436,12.64709],[109.316535,12.644921],[109.315424,12.641983]]],[[[109.373613,12.648881],[109.376127,12.64707],[109.374244,12.644397],[109.371623,12.647138],[109.373613,12.648881]]],[[[109.338835,12.6528],[109.346602,12.653921],[109.343437,12.643014],[109.337174,12.648451],[109.338835,12.6528]]],[[[109.465532,12.651623],[109.463905,12.656891],[109.468037,12.658244],[109.467868,12.653116],[109.465532,12.651623]]],[[[109.262373,12.676136],[109.259777,12.678779],[109.261783,12.680621],[109.26429,12.677869],[109.262373,12.676136]]],[[[109.284084,12.702487],[109.285073,12.700347],[109.279861,12.695289],[109.277657,12.696862],[109.284084,12.702487]]],[[[109.369377,12.705565],[109.364009,12.706087],[109.366787,12.709794],[109.369377,12.705565]]],[[[109.294826,12.720918],[109.304429,12.725485],[109.310689,12.722483],[109.300658,12.713474],[109.294865,12.712481],[109.294826,12.720918]]],[[[113.590869,6.954622],[113.578542,6.960682],[113.587356,6.96831],[113.590869,6.954622]]],[[[113.802321,7.400719],[113.844848,7.413665],[113.867062,7.409178],[113.845109,7.393177],[113.802321,7.400719]]],[[[114.048118,7.603504],[114.044971,7.602111],[114.037891,7.605481],[114.044473,7.608197],[114.048118,7.603504]]],[[[114.145021,7.599505],[114.14024,7.611961],[114.157887,7.611945],[114.145021,7.599505]]],[[[114.065023,7.606991],[114.079164,7.613643],[114.077352,7.607137],[114.067604,7.602868],[114.065023,7.606991]]],[[[114.024612,7.614906],[114.022717,7.613612],[114.019731,7.615985],[114.025607,7.617201],[114.024612,7.614906]]],[[[114.115827,7.619436],[114.119212,7.616842],[114.115763,7.614413],[114.115827,7.619436]]],[[[114.129108,7.614526],[114.124736,7.615161],[114.126761,7.620837],[114.129262,7.619751],[114.129108,7.614526]]],[[[114.007211,7.626522],[114.009172,7.62554],[114.009944,7.62211],[114.007179,7.621292],[114.007211,7.626522]]],[[[114.178393,7.62653],[114.176697,7.635353],[114.186384,7.631691],[114.178393,7.62653]]],[[[114.193006,7.644154],[114.194646,7.648154],[114.196903,7.644544],[114.193006,7.644154]]],[[[113.790023,7.642258],[113.841281,7.658172],[113.847387,7.651511],[113.823445,7.63785],[113.790023,7.642258]]],[[[114.202336,7.663473],[114.205928,7.659317],[114.203434,7.655005],[114.198031,7.660733],[114.202336,7.663473]]],[[[114.206983,7.671848],[114.201985,7.674157],[114.206252,7.679023],[114.209269,7.675964],[114.206983,7.671848]]],[[[114.217682,7.68315],[114.219294,7.690405],[114.224886,7.689009],[114.223545,7.684865],[114.217682,7.68315]]],[[[114.236543,7.696702],[114.241601,7.696381],[114.242748,7.689597],[114.236186,7.690469],[114.236543,7.696702]]],[[[114.269173,7.687388],[114.262595,7.695551],[114.279513,7.707459],[114.283204,7.704378],[114.269173,7.687388]]],[[[114.046439,7.69276],[114.130791,7.756717],[114.154687,7.753988],[114.11755,7.724802],[114.079182,7.714631],[114.062676,7.689994],[114.046439,7.69276]]],[[[114.186458,7.752298],[114.199672,7.758703],[114.200909,7.749494],[114.193013,7.740234],[114.186458,7.752298]]],[[[114.208739,7.780263],[114.218813,7.776535],[114.215537,7.768203],[114.203535,7.773412],[114.208739,7.780263]]],[[[114.231318,7.808975],[114.251702,7.829775],[114.259186,7.806453],[114.231318,7.808975]]],[[[112.921014,7.895023],[112.916294,7.896277],[112.919157,7.901474],[112.923099,7.900459],[112.921014,7.895023]]],[[[113.918986,8.018158],[113.965253,7.95715],[113.895012,8.004847],[113.918986,8.018158]]],[[[114.127401,8.092034],[114.137843,8.100525],[114.150557,8.091527],[114.137691,8.08005],[114.127401,8.092034]]],[[[113.292474,8.184861],[113.351473,8.220775],[113.322234,8.16975],[113.292474,8.184861]]],[[[114.176314,8.667533],[114.171228,8.713335],[114.191115,8.737614],[114.207144,8.685365],[114.176314,8.667533]]],[[[114.059651,8.785269],[114.00297,8.770582],[113.898102,8.825748],[113.942971,8.835054],[114.033795,8.821638],[114.059651,8.785269]]],[[[112.57915,8.842562],[112.615602,8.84139],[112.61151,8.815479],[112.563674,8.807088],[112.57915,8.842562]]],[[[112.210947,8.830221],[112.21917,8.833506],[112.217149,8.826735],[112.210947,8.830221]]],[[[112.855629,8.859095],[112.856795,8.860098],[112.860017,8.860098],[112.855629,8.859095]]],[[[112.197966,8.873506],[112.182096,8.860916],[112.190318,8.839954],[112.171858,8.841639],[112.174073,8.856176],[112.196851,8.877712],[112.217631,8.883628],[112.233267,8.879443],[112.197966,8.873506]]],[[[112.834572,8.870891],[112.85635,8.867815],[112.856795,8.860098],[112.824324,8.862055],[112.834572,8.870891]]],[[[112.252611,8.866452],[112.26026,8.874263],[112.255195,8.888004],[112.26099,8.882694],[112.263212,8.874223],[112.255034,8.861503],[112.252611,8.866452]]],[[[112.34391,8.930987],[112.34808,8.935554],[112.350425,8.929193],[112.34391,8.930987]]],[[[113.680391,8.948263],[113.662689,8.966311],[113.703687,8.967374],[113.680391,8.948263]]],[[[113.662495,9.215209],[113.668837,9.213684],[113.668003,9.204996],[113.664277,9.205689],[113.662495,9.215209]]],[[[114.017519,9.530884],[114.014679,9.53912],[114.02046,9.540737],[114.023676,9.536567],[114.017519,9.530884]]],[[[112.936309,9.658935],[112.961063,9.668696],[112.922435,9.61651],[112.941233,9.609216],[112.963357,9.620681],[113.028408,9.671085],[113.056223,9.683926],[113.020089,9.658938],[112.998604,9.636393],[112.948266,9.604699],[112.900371,9.598441],[112.936309,9.658935]]],[[[114.28251,9.719766],[114.28427,9.70358],[114.270385,9.704166],[114.27147,9.728628],[114.28251,9.719766]]],[[[114.25822,9.759739],[114.248141,9.769414],[114.254478,9.777888],[114.261132,9.767399],[114.25822,9.759739]]],[[[114.274835,9.855824],[114.2775,9.862573],[114.283469,9.859417],[114.276851,9.8441],[114.274835,9.855824]]],[[[113.847298,10.006365],[113.842946,10.134131],[113.863525,10.120691],[113.847298,10.006365]]],[[[114.260698,10.16499],[114.257293,10.165338],[114.25583,10.174142],[114.267776,10.168203],[114.260698,10.16499]]],[[[114.245782,10.18395],[114.255194,10.17955],[114.25324,10.176394],[114.246159,10.18074],[114.245782,10.18395]]],[[[114.226049,10.203484],[114.218586,10.210611],[114.227755,10.216893],[114.226049,10.203484]]],[[[113.616691,10.253799],[113.603024,10.250654],[113.60574,10.266319],[113.620675,10.268488],[113.616691,10.253799]]],[[[114.260482,10.263436],[114.26044,10.25817],[114.257464,10.25744],[114.25468,10.259161],[114.260482,10.263436]]],[[[114.29395,10.289274],[114.293135,10.280041],[114.283019,10.273881],[114.280049,10.277247],[114.29395,10.289274]]],[[[114.093731,10.912958],[114.093057,10.912491],[114.095,10.91414],[114.093731,10.912958]]],[[[114.095633,10.914795],[114.095485,10.914552],[114.095,10.91414],[114.095633,10.914795]]],[[[114.095796,10.914964],[114.095633,10.914795],[114.09591,10.915252],[114.095796,10.914964]]],[[[114.054593,10.909578],[114.085222,10.938209],[114.09591,10.915252],[114.093057,10.912491],[114.080038,10.90294],[114.054593,10.909578]]],[[[114.174983,11.039229],[114.18752,11.0375],[114.184141,11.029827],[114.182036,11.025226],[114.16849,11.032619],[114.174983,11.039229]]],[[[114.283116,11.044813],[114.279482,11.056961],[114.28746,11.059022],[114.292006,11.048357],[114.283116,11.044813]]],[[[114.223209,11.059764],[114.217006,11.049843],[114.212525,11.057749],[114.223209,11.059764]]],[[[114.223209,11.059764],[114.23406,11.060803],[114.230524,11.054495],[114.223209,11.059764]]],[[[114.258239,11.070245],[114.253359,11.071914],[114.254278,11.076763],[114.259312,11.07509],[114.258239,11.070245]]],[[[114.298339,11.379197],[114.300408,11.385581],[114.304658,11.381717],[114.298339,11.379197]]],[[[114.367283,7.71044],[114.361712,7.689687],[114.351856,7.701057],[114.367283,7.71044]]],[[[114.315456,7.719294],[114.309311,7.711718],[114.296994,7.717829],[114.309476,7.722681],[114.315456,7.719294]]],[[[114.36171,7.762431],[114.36024,7.776239],[114.366348,7.776862],[114.365993,7.769722],[114.369356,7.760308],[114.36171,7.762431]]],[[[114.364017,7.799416],[114.371618,7.795806],[114.36912,7.789398],[114.364017,7.799416]]],[[[114.377676,7.812792],[114.395731,7.813161],[114.383763,7.803542],[114.377676,7.812792]]],[[[114.415221,7.843534],[114.419456,7.838841],[114.405948,7.820511],[114.405683,7.827784],[114.415221,7.843534]]],[[[114.47488,7.908847],[114.489456,7.931043],[114.504121,7.91825],[114.487745,7.902187],[114.47488,7.908847]]],[[[114.436972,7.978695],[114.469366,7.964104],[114.440509,7.962479],[114.429263,7.935001],[114.408919,7.946421],[114.414061,7.967849],[114.436972,7.978695]]],[[[114.312578,9.746039],[114.316886,9.739495],[114.310962,9.734948],[114.308093,9.73571],[114.312578,9.746039]]],[[[114.324528,9.757011],[114.327694,9.760379],[114.330289,9.753457],[114.327032,9.749922],[114.324528,9.757011]]],[[[114.336715,9.759092],[114.335236,9.766319],[114.340819,9.762517],[114.340453,9.758895],[114.336715,9.759092]]],[[[114.343388,9.771311],[114.348157,9.768716],[114.3477,9.764927],[114.345379,9.764153],[114.343388,9.771311]]],[[[114.367876,9.781719],[114.384447,9.782247],[114.373771,9.775557],[114.367876,9.781719]]],[[[114.39645,9.789149],[114.389911,9.80059],[114.396694,9.803849],[114.405536,9.795295],[114.39645,9.789149]]],[[[114.429118,9.815778],[114.434834,9.814774],[114.431486,9.811157],[114.429118,9.815778]]],[[[114.447403,9.831594],[114.451456,9.845283],[114.461962,9.83933],[114.453282,9.829184],[114.447403,9.831594]]],[[[114.490358,9.845454],[114.48285,9.850588],[114.486599,9.853261],[114.490358,9.845454]]],[[[114.307658,9.882936],[114.332806,9.874334],[114.319939,9.862952],[114.307658,9.882936]]],[[[114.322284,9.883507],[114.329077,9.888719],[114.330588,9.87962],[114.322284,9.883507]]],[[[114.427675,9.880227],[114.414954,9.893096],[114.435074,9.902242],[114.440491,9.892143],[114.427675,9.880227]]],[[[114.395154,9.884768],[114.366014,9.904044],[114.394744,9.89937],[114.395154,9.884768]]],[[[114.343838,9.901722],[114.348621,9.898344],[114.346255,9.889162],[114.339615,9.891557],[114.343838,9.901722]]],[[[114.469745,9.906928],[114.463089,9.892381],[114.453912,9.908428],[114.469745,9.906928]]],[[[114.308108,10.165685],[114.307411,10.17008],[114.31052,10.171495],[114.310067,10.166887],[114.308108,10.165685]]],[[[114.32283,10.171646],[114.318808,10.172984],[114.321606,10.177954],[114.324796,10.177203],[114.32283,10.171646]]],[[[114.365844,10.18368],[114.365909,10.174318],[114.352828,10.179044],[114.365844,10.18368]]],[[[114.378404,10.18904],[114.374309,10.195896],[114.381283,10.195274],[114.378404,10.18904]]],[[[114.389842,10.199786],[114.386518,10.20299],[114.390449,10.204974],[114.392284,10.201468],[114.389842,10.199786]]],[[[114.410336,10.206062],[114.407752,10.201851],[114.402172,10.20089],[114.400798,10.206461],[114.410336,10.206062]]],[[[114.415587,10.220027],[114.418807,10.215423],[114.41545,10.212775],[114.412231,10.219311],[114.415587,10.220027]]],[[[114.429349,10.222608],[114.425569,10.223439],[114.428504,10.229553],[114.430953,10.224839],[114.429349,10.222608]]],[[[114.443913,10.233923],[114.446863,10.226403],[114.439681,10.223113],[114.435838,10.225688],[114.443913,10.233923]]],[[[114.465167,10.239759],[114.466614,10.243574],[114.494423,10.244469],[114.493973,10.236762],[114.465167,10.239759]]],[[[114.34408,10.317276],[114.346507,10.31931],[114.350703,10.313504],[114.34408,10.317276]]],[[[114.357401,10.332212],[114.359585,10.334019],[114.361212,10.329286],[114.357401,10.332212]]],[[[114.348376,10.363539],[114.354412,10.365192],[114.353441,10.359047],[114.348376,10.363539]]],[[[114.365562,10.374272],[114.354327,10.37813],[114.367758,10.384053],[114.365562,10.374272]]],[[[114.481127,10.369483],[114.452252,10.37542],[114.446761,10.389061],[114.477272,10.386148],[114.481127,10.369483]]],[[[114.411444,10.374922],[114.400702,10.383324],[114.411405,10.388853],[114.421799,10.38258],[114.411444,10.374922]]],[[[114.42095,10.674635],[114.42651,10.669993],[114.42544,10.663318],[114.416543,10.667956],[114.42095,10.674635]]],[[[114.38532,10.677777],[114.390006,10.676144],[114.388292,10.669488],[114.383408,10.67166],[114.38532,10.677777]]],[[[114.462953,10.673758],[114.459192,10.67398],[114.455679,10.678672],[114.458569,10.679834],[114.462953,10.673758]]],[[[114.485288,10.690716],[114.493304,10.691366],[114.493992,10.685862],[114.487416,10.685639],[114.485288,10.690716]]],[[[114.334126,10.697015],[114.316026,10.694683],[114.328544,10.711464],[114.334126,10.697015]]],[[[114.360435,10.707196],[114.365327,10.707023],[114.368478,10.702796],[114.362971,10.702217],[114.360435,10.707196]]],[[[114.351619,10.704053],[114.345224,10.704353],[114.346636,10.708253],[114.351747,10.708205],[114.351619,10.704053]]],[[[114.347071,10.72753],[114.355963,10.722678],[114.34378,10.718571],[114.347071,10.72753]]],[[[114.401179,10.742075],[114.404143,10.738788],[114.396559,10.733692],[114.392736,10.740521],[114.401179,10.742075]]],[[[114.41746,10.755077],[114.421851,10.752674],[114.417572,10.746632],[114.412589,10.750751],[114.41746,10.755077]]],[[[114.460761,10.79203],[114.457904,10.782639],[114.456089,10.78312],[114.457198,10.79512],[114.460761,10.79203]]],[[[114.491865,10.812484],[114.483666,10.815294],[114.490565,10.822431],[114.491865,10.812484]]],[[[114.341578,11.053886],[114.343994,11.052801],[114.343433,11.050028],[114.340098,11.051289],[114.341578,11.053886]]],[[[114.336412,11.055745],[114.314794,11.053956],[114.313418,11.05699],[114.328801,11.058498],[114.336412,11.055745]]],[[[114.319814,11.065409],[114.322637,11.064486],[114.315915,11.05897],[114.316088,11.06209],[114.319814,11.065409]]],[[[114.373652,11.079213],[114.367751,11.093884],[114.383205,11.090961],[114.373652,11.079213]]],[[[114.32746,11.431393],[114.333269,11.432999],[114.3295,11.426951],[114.32746,11.431393]]],[[[114.360522,11.459832],[114.352609,11.450543],[114.348211,11.452909],[114.353148,11.457736],[114.360522,11.459832]]],[[[114.390307,11.468575],[114.398711,11.465068],[114.398182,11.455471],[114.38334,11.463924],[114.390307,11.468575]]],[[[114.730803,8.168622],[114.764344,8.1315],[114.646229,8.132532],[114.624788,8.103817],[114.559249,8.121345],[114.708739,8.174185],[114.730803,8.168622]]],[[[115.197804,8.34857],[115.171393,8.375137],[115.199611,8.383448],[115.213193,8.367617],[115.197804,8.34857]]],[[[114.592545,8.48432],[114.58173,8.47316],[114.572722,8.482512],[114.585604,8.492464],[114.592545,8.48432]]],[[[114.662469,8.84802],[114.660316,8.846453],[114.638894,8.826802],[114.633468,8.853364],[114.662469,8.84802]]],[[[115.419889,9.379927],[115.446547,9.416192],[115.454768,9.371276],[115.419889,9.379927]]],[[[114.508653,9.871591],[114.512537,9.865047],[114.508708,9.862547],[114.503608,9.868367],[114.508653,9.871591]]],[[[114.530634,9.894169],[114.531445,9.882129],[114.524454,9.891467],[114.530634,9.894169]]],[[[115.498382,9.917941],[115.518757,9.92305],[115.512624,9.88481],[115.549081,9.87885],[115.562358,9.918142],[115.580354,9.903934],[115.547719,9.874698],[115.510898,9.880107],[115.498382,9.917941]]],[[[114.565112,9.896726],[114.560712,9.897794],[114.559762,9.905433],[114.564164,9.904449],[114.565112,9.896726]]],[[[114.600083,9.911326],[114.593165,9.897679],[114.589769,9.914102],[114.600083,9.911326]]],[[[114.484384,9.910744],[114.493229,9.922015],[114.502125,9.918705],[114.497771,9.904514],[114.484384,9.910744]]],[[[114.522777,9.912689],[114.512402,9.908124],[114.515649,9.920833],[114.522777,9.912689]]],[[[114.603791,9.92039],[114.607792,9.920179],[114.607244,9.916387],[114.603791,9.92039]]],[[[115.563329,9.921015],[115.562358,9.918142],[115.557345,9.9221],[115.563329,9.921015]]],[[[115.519699,9.928926],[115.532751,9.926559],[115.518757,9.92305],[115.519699,9.928926]]],[[[115.557345,9.9221],[115.532751,9.926559],[115.54713,9.930165],[115.557345,9.9221]]],[[[114.617844,9.925448],[114.622474,9.934189],[114.627817,9.930634],[114.617844,9.925448]]],[[[114.529276,9.924356],[114.515682,9.932112],[114.528198,9.939897],[114.529276,9.924356]]],[[[114.542283,9.941506],[114.543677,9.943102],[114.547246,9.938719],[114.542283,9.941506]]],[[[114.529414,9.947944],[114.529346,9.951148],[114.533254,9.952544],[114.533667,9.948148],[114.529414,9.947944]]],[[[114.547771,9.948908],[114.545536,9.948052],[114.543163,9.953514],[114.548716,9.951909],[114.547771,9.948908]]],[[[114.573447,9.968602],[114.570923,9.957064],[114.552873,9.966056],[114.573447,9.968602]]],[[[114.590678,9.970852],[114.582381,9.978191],[114.590245,9.982494],[114.590678,9.970852]]],[[[114.656486,9.958426],[114.631971,9.988928],[114.66647,9.998281],[114.656486,9.958426]]],[[[115.312349,10.198099],[115.295273,10.172945],[115.281988,10.197084],[115.312349,10.198099]]],[[[114.528425,10.238229],[114.530521,10.239217],[114.532386,10.236644],[114.529423,10.236209],[114.528425,10.238229]]],[[[115.374119,10.258266],[115.378033,10.252556],[115.368231,10.245339],[115.366583,10.258233],[115.374119,10.258266]]],[[[114.560124,10.2648],[114.559385,10.25459],[114.549546,10.242852],[114.545488,10.251516],[114.560124,10.2648]]],[[[114.606641,10.270101],[114.610014,10.267726],[114.608835,10.265893],[114.605732,10.266575],[114.606641,10.270101]]],[[[114.593499,10.262901],[114.583681,10.262742],[114.582768,10.272856],[114.592679,10.274089],[114.593499,10.262901]]],[[[114.636726,10.284945],[114.627754,10.277166],[114.620752,10.277504],[114.633354,10.288182],[114.646782,10.289768],[114.636726,10.284945]]],[[[114.617071,10.315001],[114.607999,10.315054],[114.592909,10.322181],[114.60422,10.325792],[114.617071,10.315001]]],[[[114.567865,10.329674],[114.579686,10.321685],[114.583266,10.3135],[114.567599,10.321338],[114.567865,10.329674]]],[[[114.665892,10.316996],[114.696398,10.360931],[114.70103,10.333093],[114.690229,10.305399],[114.665892,10.316996]]],[[[114.547431,10.363051],[114.561234,10.361169],[114.549605,10.322165],[114.547431,10.363051]]],[[[114.498499,10.356174],[114.511524,10.365527],[114.531103,10.342617],[114.51964,10.339574],[114.498499,10.356174]]],[[[114.535547,10.716668],[114.529682,10.704459],[114.514298,10.695817],[114.523743,10.705312],[114.526361,10.719898],[114.535547,10.716668]]],[[[114.576798,10.738916],[114.569432,10.744482],[114.576024,10.773621],[114.588889,10.766388],[114.576798,10.738916]]],[[[114.575772,10.801066],[114.574826,10.815293],[114.580464,10.814549],[114.575772,10.801066]]],[[[114.505041,10.839349],[114.509748,10.836723],[114.509092,10.833019],[114.503467,10.833857],[114.505041,10.839349]]],[[[114.514322,10.836303],[114.51484,10.841141],[114.52191,10.836665],[114.514322,10.836303]]],[[[114.511878,10.851242],[114.524244,10.859378],[114.526905,10.844917],[114.511878,10.851242]]],[[[114.590487,10.828857],[114.587739,10.88877],[114.598535,10.899835],[114.590487,10.828857]]],[[[114.546005,10.87521],[114.551238,10.867165],[114.53898,10.857429],[114.529608,10.865602],[114.546005,10.87521]]],[[[114.922337,10.866219],[114.890889,10.863223],[114.920711,10.886318],[114.922337,10.866219]]],[[[114.558389,10.868646],[114.553081,10.881061],[114.557437,10.884333],[114.566337,10.873165],[114.564292,10.868142],[114.558389,10.868646]]],[[[114.614876,10.935205],[114.622033,10.926837],[114.607446,10.918401],[114.614876,10.935205]]],[[[114.642378,10.953644],[114.659733,10.985304],[114.662954,10.962933],[114.642378,10.953644]]],[[[114.739662,11.007197],[114.739737,11.013725],[114.744472,11.012347],[114.739662,11.007197]]],[[[114.704936,11.028867],[114.706943,11.019947],[114.693355,11.007395],[114.689924,11.017245],[114.704936,11.028867]]],[[[115.019552,11.070916],[115.01531,11.075637],[115.020645,11.082104],[115.025164,11.077182],[115.019552,11.070916]]],[[[114.810221,11.108177],[114.802689,11.088774],[114.792754,11.093111],[114.804824,11.133451],[114.813124,11.145316],[114.810221,11.108177]]],[[[114.572646,11.357686],[114.572642,11.37085],[114.607931,11.370969],[114.572646,11.357686]]],[[[114.617156,11.384976],[114.621716,11.378621],[114.619351,11.374949],[114.612407,11.380672],[114.617156,11.384976]]],[[[114.651201,11.408962],[114.649979,11.397593],[114.636575,11.387585],[114.634004,11.397256],[114.651201,11.408962]]],[[[114.688965,11.433175],[114.685464,11.436368],[114.69421,11.448956],[114.696562,11.442647],[114.688965,11.433175]]],[[[114.685519,11.486773],[114.700987,11.475862],[114.700034,11.462179],[114.693527,11.461235],[114.668652,11.48455],[114.685519,11.486773]]],[[[114.63201,11.498635],[114.658611,11.503363],[114.666982,11.490157],[114.634552,11.483526],[114.63201,11.498635]]],[[[116.604812,8.207295],[116.588522,8.220715],[116.603223,8.229949],[116.615333,8.220427],[116.604812,8.207295]]],[[[116.264707,8.870793],[116.280037,8.9118],[116.307509,8.913082],[116.293149,8.87787],[116.264707,8.870793]]],[[[116.484122,9.181873],[116.493457,9.180366],[116.497336,9.176183],[116.486871,9.173872],[116.484122,9.181873]]],[[[115.95486,9.324807],[115.944134,9.310479],[115.930138,9.324954],[115.95486,9.324807]]],[[[116.161654,9.604571],[116.173161,9.608625],[116.169227,9.595266],[116.161654,9.604571]]],[[[116.577761,9.744427],[116.569738,9.713612],[116.539057,9.741783],[116.577761,9.744427]]],[[[116.433358,9.76622],[116.440006,9.758735],[116.441346,9.749001],[116.435793,9.75041],[116.429776,9.75939],[116.433358,9.76622]]],[[[116.494407,9.770377],[116.507981,9.764047],[116.510582,9.76048],[116.504869,9.757409],[116.494407,9.770377]]],[[[115.877105,9.734547],[115.848244,9.778178],[115.892002,9.79768],[115.877105,9.734547]]],[[[116.491191,9.773627],[116.482837,9.77888],[116.486555,9.782054],[116.491191,9.773627]]],[[[116.424488,9.77754],[116.415281,9.79091],[116.428545,9.797704],[116.438218,9.790516],[116.424488,9.77754]]],[[[116.465158,9.792421],[116.443491,9.795332],[116.453562,9.807265],[116.471354,9.806761],[116.479508,9.797985],[116.465158,9.792421]]],[[[116.164462,10.113161],[116.144864,10.115699],[116.146267,10.128518],[116.164462,10.113161]]],[[[116.495131,10.342944],[116.52305,10.307347],[116.500676,10.286656],[116.469414,10.312184],[116.495131,10.342944]]],[[[116.552989,10.318096],[116.555673,10.313015],[116.550673,10.311678],[116.552989,10.318096]]],[[[116.558275,10.322061],[116.564893,10.326616],[116.56701,10.314709],[116.558275,10.322061]]],[[[116.593056,10.32791],[116.597672,10.333601],[116.603474,10.328813],[116.593056,10.32791]]],[[[116.507214,10.352846],[116.50939,10.391729],[116.523295,10.375744],[116.507214,10.352846]]],[[[116.588398,10.399344],[116.590365,10.399133],[116.590519,10.396519],[116.587999,10.39739],[116.588398,10.399344]]],[[[116.603895,10.410072],[116.601539,10.411292],[116.602133,10.415338],[116.604389,10.415105],[116.603895,10.410072]]],[[[116.539558,10.44374],[116.541841,10.444207],[116.543269,10.437705],[116.538702,10.436771],[116.539558,10.44374]]],[[[116.55626,10.450623],[116.545771,10.45021],[116.547981,10.455724],[116.55626,10.450623]]],[[[115.727723,10.462519],[115.730677,10.463791],[115.732506,10.459767],[115.727723,10.462519]]],[[[115.788967,10.459102],[115.780694,10.455498],[115.78773,10.469388],[115.788967,10.459102]]],[[[116.548532,10.462145],[116.551215,10.465398],[116.55615,10.461554],[116.552995,10.460562],[116.548532,10.462145]]],[[[115.70586,10.483918],[115.701935,10.490851],[115.712459,10.507952],[115.719374,10.509424],[115.70586,10.483918]]],[[[115.791404,10.479496],[115.761071,10.459947],[115.718829,10.485325],[115.749977,10.534759],[115.802157,10.533974],[115.791404,10.479496]]],[[[116.566034,10.49323],[116.551845,10.507725],[116.559609,10.515683],[116.570293,10.503703],[116.566034,10.49323]]],[[[116.575325,10.537763],[116.579835,10.531176],[116.573863,10.523096],[116.566119,10.524113],[116.575325,10.537763]]],[[[115.733966,10.537248],[115.745875,10.536982],[115.727558,10.526094],[115.72819,10.533607],[115.733966,10.537248]]],[[[116.598496,10.551823],[116.591217,10.550438],[116.586895,10.545285],[116.593151,10.539137],[116.587787,10.536131],[116.581683,10.543838],[116.588572,10.554895],[116.594302,10.556483],[116.598496,10.551823]]],[[[116.619745,10.567222],[116.616888,10.563271],[116.604575,10.568044],[116.610143,10.57463],[116.619745,10.567222]]],[[[116.160152,10.659519],[116.205744,10.639362],[116.173424,10.604425],[116.160152,10.659519]]],[[[115.870837,10.655303],[115.870323,10.649209],[115.862958,10.647401],[115.862713,10.651995],[115.870837,10.655303]]],[[[116.185032,10.754549],[116.184096,10.768089],[116.195353,10.799949],[116.198053,10.774227],[116.18938,10.76482],[116.190596,10.751269],[116.185094,10.731437],[116.176691,10.735802],[116.185032,10.754549]]],[[[116.257352,10.799189],[116.268284,10.81211],[116.273982,10.794775],[116.257352,10.799189]]],[[[116.094398,10.79922],[116.089293,10.799417],[116.087366,10.808197],[116.094235,10.809477],[116.094398,10.79922]]],[[[115.805549,10.785155],[115.835264,10.829645],[115.869939,10.788867],[115.805549,10.785155]]],[[[116.2805,10.822085],[116.292778,10.835245],[116.310914,10.831464],[116.312584,10.818867],[116.289497,10.806275],[116.2805,10.822085]]],[[[116.224236,10.839752],[116.228626,10.833454],[116.223339,10.817371],[116.215421,10.82339],[116.224236,10.839752]]],[[[116.234631,10.852069],[116.243493,10.860596],[116.249188,10.848124],[116.234631,10.852069]]],[[[116.369327,10.893156],[116.391538,10.896167],[116.392304,10.861614],[116.37232,10.868259],[116.369327,10.893156]]],[[[116.250094,10.87599],[116.239167,10.881014],[116.24633,10.892737],[116.250094,10.87599]]],[[[116.425401,10.879865],[116.404929,10.908797],[116.437095,10.904306],[116.425401,10.879865]]],[[[116.470896,10.900258],[116.464347,10.908585],[116.474816,10.906633],[116.470896,10.900258]]],[[[116.483531,10.916707],[116.488082,10.911102],[116.483299,10.907681],[116.479685,10.912136],[116.483531,10.916707]]],[[[116.116258,11.349586],[116.107991,11.350564],[116.111353,11.368305],[116.120271,11.363042],[116.116258,11.349586]]],[[[116.330099,11.390718],[116.327409,11.376987],[116.316323,11.369638],[116.312763,11.384125],[116.330099,11.390718]]],[[[116.213224,11.373028],[116.203437,11.376991],[116.21047,11.388964],[116.2175,11.386263],[116.213224,11.373028]]],[[[116.159718,11.434357],[116.163968,11.415574],[116.141039,11.387528],[116.13173,11.399103],[116.159718,11.434357]]],[[[116.353578,11.437339],[116.342199,11.402536],[116.330099,11.390718],[116.322942,11.39838],[116.346125,11.458133],[116.353578,11.437339]]],[[[116.198921,11.488146],[116.221863,11.488828],[116.191353,11.452153],[116.198921,11.488146]]],[[[116.386165,11.524169],[116.397201,11.509789],[116.383266,11.493945],[116.368982,11.500139],[116.386165,11.524169]]],[[[116.347466,11.582671],[116.320855,11.554819],[116.27237,11.5173],[116.282642,11.542973],[116.332727,11.59221],[116.347466,11.582671]]],[[[116.37214,11.6169],[116.357778,11.622063],[116.366575,11.634015],[116.379511,11.625299],[116.37214,11.6169]]],[[[116.42875,11.689696],[116.431761,11.675778],[116.407133,11.64341],[116.393046,11.657884],[116.42875,11.689696]]],[[[116.490065,11.754131],[116.492623,11.693452],[116.481555,11.663532],[116.455708,11.711737],[116.490065,11.754131]]],[[[116.167901,12.029299],[116.148348,12.031],[116.148415,12.044676],[116.176275,12.041238],[116.167901,12.029299]]],[[[116.682733,9.022418],[116.658901,9.029022],[116.666193,9.054931],[116.684356,9.03919],[116.682733,9.022418]]],[[[116.927526,9.440742],[116.918706,9.450629],[116.931379,9.463403],[116.935911,9.447781],[116.927526,9.440742]]],[[[116.678615,10.331519],[116.671486,10.338253],[116.700085,10.343367],[116.701251,10.335899],[116.678615,10.331519]]],[[[116.622919,10.335294],[116.620651,10.338468],[116.623855,10.339964],[116.622919,10.335294]]],[[[116.637456,10.335886],[116.635009,10.335636],[116.635098,10.342774],[116.639181,10.338265],[116.637456,10.335886]]],[[[116.653223,10.345526],[116.657863,10.3442],[116.656862,10.341386],[116.653305,10.342443],[116.653223,10.345526]]],[[[116.714278,10.351736],[116.731672,10.355631],[116.735187,10.348625],[116.715955,10.344667],[116.714278,10.351736]]],[[[116.763156,10.357116],[116.754299,10.358047],[116.758725,10.37242],[116.770398,10.364653],[116.763156,10.357116]]],[[[116.791137,10.390307],[116.796397,10.388061],[116.784843,10.373847],[116.781234,10.378618],[116.791137,10.390307]]],[[[116.806143,10.394652],[116.80055,10.402587],[116.808679,10.399445],[116.806143,10.394652]]],[[[116.811661,10.40968],[116.80692,10.411139],[116.807616,10.41419],[116.811357,10.412493],[116.811661,10.40968]]],[[[116.685973,10.424771],[116.686718,10.427656],[116.689251,10.425196],[116.685973,10.424771]]],[[[116.816735,10.427527],[116.812766,10.430494],[116.813852,10.433781],[116.817218,10.428906],[116.816735,10.427527]]],[[[116.820928,10.444571],[116.823422,10.446706],[116.826098,10.443233],[116.8238,10.44235],[116.820928,10.444571]]],[[[116.631598,10.444164],[116.626991,10.442388],[116.626908,10.447164],[116.631598,10.444164]]],[[[116.835153,10.455033],[116.829635,10.461426],[116.833201,10.465476],[116.836285,10.458345],[116.835153,10.455033]]],[[[116.642463,10.459999],[116.639434,10.462089],[116.639835,10.46488],[116.642816,10.461669],[116.642463,10.459999]]],[[[116.853217,10.474788],[116.851797,10.484347],[116.861567,10.486968],[116.865269,10.478021],[116.853217,10.474788]]],[[[116.878926,10.495263],[116.877154,10.50331],[116.882537,10.497068],[116.878926,10.495263]]],[[[116.69443,10.509571],[116.697411,10.506359],[116.697057,10.504689],[116.694028,10.50678],[116.69443,10.509571]]],[[[116.65157,10.516435],[116.64992,10.516259],[116.649462,10.519041],[116.651034,10.519302],[116.65157,10.516435]]],[[[116.903809,10.550233],[116.934474,10.559661],[116.935591,10.528908],[116.898688,10.521539],[116.903809,10.550233]]],[[[116.693204,10.541006],[116.694184,10.544054],[116.696823,10.539452],[116.693204,10.541006]]],[[[116.85356,10.57625],[116.858552,10.577299],[116.860808,10.570624],[116.858496,10.569462],[116.85356,10.57625]]],[[[116.627537,10.577422],[116.621091,10.58052],[116.62531,10.581721],[116.627537,10.577422]]],[[[116.644796,10.585408],[116.636738,10.58574],[116.638882,10.589579],[116.64469,10.589621],[116.644796,10.585408]]],[[[116.847758,10.586068],[116.83844,10.586321],[116.837472,10.595012],[116.847758,10.586068]]],[[[116.65226,10.591132],[116.654457,10.592865],[116.656354,10.590823],[116.654457,10.589498],[116.65226,10.591132]]],[[[116.669254,10.592815],[116.665526,10.59339],[116.668925,10.59844],[116.67061,10.594723],[116.669254,10.592815]]],[[[116.684238,10.607205],[116.680816,10.610012],[116.684981,10.611383],[116.684238,10.607205]]],[[[116.711254,10.621375],[116.713109,10.618352],[116.712366,10.617542],[116.710205,10.620016],[116.711254,10.621375]]],[[[116.735759,10.624705],[116.724276,10.624482],[116.726175,10.629172],[116.732498,10.631294],[116.735759,10.624705]]],[[[116.747581,10.631227],[116.744717,10.630504],[116.742799,10.635354],[116.745585,10.634256],[116.747581,10.631227]]],[[[116.753199,10.636744],[116.750614,10.639237],[116.763878,10.641349],[116.753199,10.636744]]],[[[116.797788,10.673507],[116.81509,10.681409],[116.816289,10.658313],[116.79464,10.656143],[116.797788,10.673507]]],[[[116.688638,10.793323],[116.698501,10.790245],[116.689129,10.78159],[116.688638,10.793323]]],[[[116.618618,10.791654],[116.641314,10.80482],[116.660293,10.771651],[116.618618,10.791654]]],[[[116.697121,10.814773],[116.699792,10.815602],[116.702209,10.811771],[116.699611,10.810344],[116.697121,10.814773]]],[[[116.808443,10.824834],[116.81321,10.818161],[116.785672,10.813735],[116.791756,10.825758],[116.808443,10.824834]]],[[[116.717215,10.81659],[116.711423,10.819621],[116.712462,10.824182],[116.717687,10.824384],[116.717215,10.81659]]],[[[116.761741,10.827711],[116.768843,10.820718],[116.763153,10.816211],[116.7546,10.81894],[116.761741,10.827711]]],[[[116.828315,10.838316],[116.832622,10.835205],[116.831421,10.830232],[116.825852,10.831862],[116.828315,10.838316]]],[[[116.86418,10.844479],[116.861579,10.852821],[116.870098,10.850926],[116.86418,10.844479]]],[[[116.727647,10.84815],[116.724087,10.850671],[116.72694,10.854739],[116.732277,10.855877],[116.727647,10.84815]]],[[[116.841389,10.853812],[116.844965,10.858266],[116.850711,10.846024],[116.841389,10.853812]]],[[[116.655657,10.890772],[116.650007,10.850506],[116.637775,10.831459],[116.640735,10.888314],[116.655657,10.890772]]],[[[116.747384,10.859569],[116.746338,10.868117],[116.752959,10.864634],[116.747384,10.859569]]],[[[116.873923,10.869275],[116.868,10.869246],[116.867289,10.878893],[116.877528,10.877624],[116.873923,10.869275]]],[[[116.747447,10.886408],[116.751045,10.888071],[116.752896,10.881858],[116.748566,10.882875],[116.747447,10.886408]]],[[[116.894781,10.90477],[116.898825,10.906968],[116.902831,10.90178],[116.898559,10.900846],[116.894781,10.90477]]],[[[116.676015,10.906845],[116.680813,10.910135],[116.681294,10.904813],[116.676015,10.906845]]],[[[116.796866,10.9067],[116.792218,10.910244],[116.796571,10.912992],[116.796866,10.9067]]],[[[116.911621,10.920653],[116.921961,10.916858],[116.923215,10.906769],[116.919833,10.913324],[116.909225,10.915866],[116.911621,10.920653]]]]}},{"type":"Feature","properties":{"ky_id":"dai-nam-1838","don_vi_id":"tinh-1831-binh-thuan","don_vi_ten":"Tỉnh Bình Thuận","cap":"tỉnh","khop":"gan-dung","tinh_63":"Bình Thuận"},"geometry":{"type":"Polygon","coordinates":[[[108.86449,11.333627],[108.840571,11.378636],[108.755469,11.412581],[108.758691,11.47164],[108.675525,11.47783],[108.642255,11.551273],[108.582253,11.556814],[108.524255,11.511661],[108.479457,11.5279],[108.429045,11.516194],[108.309572,11.527991],[108.268401,11.505326],[108.257493,11.468987],[108.306242,11.416338],[108.179941,11.305615],[108.148999,11.300415],[108.055708,11.24095],[108.025945,11.327724],[107.920868,11.361786],[107.801689,11.372384],[107.739217,11.367155],[107.672193,11.327243],[107.605422,11.347346],[107.568164,11.384074],[107.542157,11.367188],[107.516594,11.31286],[107.522265,11.257449],[107.496235,11.244052],[107.455723,11.15227],[107.452269,11.113358],[107.412016,11.040328],[107.469685,11.008906],[107.506353,11.012893],[107.558385,10.938473],[107.567411,10.811364],[107.50416,10.772724],[107.56604,10.619876],[107.570112,10.570546],[107.698746,10.633305],[107.769386,10.651925],[107.812078,10.696338],[107.896032,10.723034],[107.990149,10.700443],[108.013658,10.738754],[108.036545,10.833777],[108.090737,10.919869],[108.187867,10.938435],[108.2221,10.955766],[108.279665,10.938727],[108.337533,10.956256],[108.353081,11.016301],[108.378182,11.036495],[108.47372,11.048367],[108.493648,11.114488],[108.520895,11.15299],[108.593004,11.185682],[108.667412,11.192811],[108.726942,11.184988],[108.750806,11.274799],[108.785932,11.314052],[108.86449,11.333627]]]}},{"type":"Feature","properties":{"ky_id":"dai-nam-1838","don_vi_id":"tinh-1831-binh-thuan","don_vi_ten":"Tỉnh Bình Thuận","cap":"tỉnh","khop":"gan-dung","tinh_63":"Ninh Thuận"},"geometry":{"type":"Polygon","coordinates":[[[109.193248,11.812744],[109.135112,11.805597],[109.090963,11.816513],[109.045092,11.899032],[108.984673,11.916775],[108.845303,11.98415],[108.852527,12.015518],[108.807148,12.061024],[108.781533,12.124845],[108.787635,12.158282],[108.727051,12.163277],[108.67169,12.122902],[108.708771,12.053432],[108.663555,11.968461],[108.650986,11.845494],[108.618702,11.81036],[108.668505,11.787023],[108.668377,11.748044],[108.699573,11.702261],[108.67552,11.668932],[108.56119,11.643247],[108.550673,11.60237],[108.582253,11.556814],[108.642255,11.551273],[108.675525,11.47783],[108.758691,11.47164],[108.755469,11.412581],[108.840571,11.378636],[108.86449,11.333627],[108.931151,11.308089],[109.018586,11.362144],[109.009648,11.502759],[109.035629,11.602623],[109.117296,11.575866],[109.165728,11.629641],[109.175099,11.677498],[109.229077,11.748408],[109.184534,11.795197],[109.193248,11.812744]]]}},{"type":"Feature","properties":{"ky_id":"dai-nam-1838","don_vi_id":"tinh-1831-phien-an","don_vi_ten":"Tỉnh Phiên An","cap":"tỉnh","khop":"mot-phan","tinh_63":"TP HCM"},"geometry":{"type":"Polygon","coordinates":[[[106.836879,10.903152],[106.785678,10.868454],[106.742975,10.881369],[106.648422,10.935717],[106.648054,10.976251],[106.614163,10.991836],[106.591421,11.044586],[106.545135,11.049216],[106.52276,11.073178],[106.524851,11.121823],[106.499047,11.141628],[106.445721,11.136678],[106.423964,11.092197],[106.410538,11.009213],[106.354601,10.992753],[106.409349,10.975172],[106.451441,10.942792],[106.534069,10.902945],[106.498973,10.786469],[106.463694,10.758866],[106.51817,10.724638],[106.555547,10.650687],[106.604044,10.66032],[106.638783,10.626007],[106.683385,10.656931],[106.728968,10.632066],[106.718587,10.599098],[106.741127,10.567196],[106.733663,10.497731],[106.798357,10.409981],[106.825662,10.329447],[106.864207,10.343599],[106.876808,10.377983],[106.96926,10.407947],[106.946115,10.429647],[106.992465,10.472733],[107.011454,10.525017],[106.982062,10.580034],[106.909102,10.609805],[106.872331,10.649433],[106.823735,10.629286],[106.753942,10.696301],[106.764547,10.741432],[106.815072,10.780978],[106.852032,10.775034],[106.877682,10.818028],[106.853617,10.845249],[106.836879,10.903152]]]}},{"type":"Feature","properties":{"ky_id":"dai-nam-1838","don_vi_id":"tinh-1831-phien-an","don_vi_ten":"Tỉnh Phiên An","cap":"tỉnh","khop":"mot-phan","tinh_63":"Tây Ninh"},"geometry":{"type":"Polygon","coordinates":[[[106.450606,11.673753],[106.379061,11.701664],[106.298348,11.677366],[106.253254,11.726503],[106.188033,11.753772],[106.153861,11.738603],[106.110005,11.746262],[106.069715,11.777506],[106.020836,11.776426],[106.009218,11.730624],[105.952354,11.640579],[105.881536,11.678056],[105.831076,11.648753],[105.807792,11.597214],[105.814723,11.570171],[105.860242,11.566463],[105.883878,11.532962],[105.873219,11.461307],[105.90128,11.444659],[105.868125,11.381625],[105.880736,11.357041],[105.865996,11.281822],[105.907188,11.279733],[105.908838,11.242218],[105.953271,11.200121],[106.010041,11.189407],[106.018712,11.143832],[106.105157,11.070519],[106.153518,11.10175],[106.187249,11.048909],[106.193865,10.992226],[106.158962,10.982782],[106.166064,10.96415],[106.237326,10.987009],[106.271557,10.982077],[106.284304,11.023433],[106.354601,10.992753],[106.410538,11.009213],[106.423964,11.092197],[106.445721,11.136678],[106.427784,11.170084],[106.386633,11.186614],[106.375512,11.236093],[106.326121,11.347384],[106.35688,11.401437],[106.369071,11.453078],[106.423356,11.495224],[106.43212,11.540306],[106.488083,11.570758],[106.450606,11.673753]]]}},{"type":"Feature","properties":{"ky_id":"dai-nam-1838","don_vi_id":"tinh-1831-bien-hoa","don_vi_ten":"Tỉnh Biên Hoà","cap":"tỉnh","khop":"mot-phan","tinh_63":"Đồng Nai"},"geometry":{"type":"Polygon","coordinates":[[[107.542157,11.367188],[107.487054,11.399568],[107.484668,11.42955],[107.446399,11.451583],[107.469,11.480817],[107.408372,11.529136],[107.334787,11.547771],[107.13032,11.502155],[107.068882,11.450809],[107.05761,11.377744],[106.936186,11.305524],[106.916497,11.223639],[106.964371,11.149239],[106.962776,11.11572],[106.930308,11.06536],[106.870901,11.021432],[106.837907,11.041255],[106.773231,10.999215],[106.760971,10.953672],[106.836879,10.903152],[106.853617,10.845249],[106.877682,10.818028],[106.852032,10.775034],[106.815072,10.780978],[106.764547,10.741432],[106.753942,10.696301],[106.823735,10.629286],[106.872331,10.649433],[106.909102,10.609805],[106.982062,10.580034],[107.011454,10.525017],[107.024209,10.592643],[106.99546,10.631922],[107.038835,10.657315],[107.09386,10.653475],[107.131236,10.686313],[107.134835,10.747],[107.186599,10.773008],[107.298577,10.755708],[107.297428,10.687843],[107.350252,10.67902],[107.361341,10.731757],[107.450122,10.804946],[107.50416,10.772724],[107.567411,10.811364],[107.558385,10.938473],[107.506353,11.012893],[107.469685,11.008906],[107.412016,11.040328],[107.452269,11.113358],[107.455723,11.15227],[107.496235,11.244052],[107.522265,11.257449],[107.516594,11.31286],[107.542157,11.367188]]]}},{"type":"Feature","properties":{"ky_id":"dai-nam-1838","don_vi_id":"tinh-1831-bien-hoa","don_vi_ten":"Tỉnh Biên Hoà","cap":"tỉnh","khop":"mot-phan","tinh_63":"Bà Rịa - Vũng Tàu"},"geometry":{"type":"MultiPolygon","coordinates":[[[[106.634327,8.700588],[106.578793,8.648345],[106.559261,8.681158],[106.63783,8.752257],[106.662883,8.760571],[106.634327,8.700588]]],[[[107.56604,10.619876],[107.570112,10.570546],[107.514735,10.507007],[107.465025,10.496304],[107.441488,10.469229],[107.37129,10.46841],[107.327774,10.450635],[107.255399,10.381323],[107.187073,10.410347],[107.126029,10.374744],[107.084245,10.324422],[107.060215,10.355319],[107.113923,10.412519],[107.026642,10.478151],[106.992465,10.472733],[107.011454,10.525017],[107.024209,10.592643],[106.99546,10.631922],[107.038835,10.657315],[107.09386,10.653475],[107.131236,10.686313],[107.134835,10.747],[107.186599,10.773008],[107.298577,10.755708],[107.297428,10.687843],[107.350252,10.67902],[107.361341,10.731757],[107.450122,10.804946],[107.50416,10.772724],[107.56604,10.619876]]]]}},{"type":"Feature","properties":{"ky_id":"dai-nam-1838","don_vi_id":"tinh-1831-bien-hoa","don_vi_ten":"Tỉnh Biên Hoà","cap":"tỉnh","khop":"mot-phan","tinh_63":"Bình Dương"},"geometry":{"type":"Polygon","coordinates":[[[106.936186,11.305524],[106.947514,11.34372],[106.914651,11.356956],[106.85612,11.314969],[106.851799,11.377794],[106.783334,11.382077],[106.767258,11.408992],[106.806323,11.462006],[106.795435,11.492609],[106.683801,11.395544],[106.673805,11.355707],[106.56313,11.372059],[106.543133,11.433033],[106.572465,11.456864],[106.495469,11.496529],[106.423356,11.495224],[106.369071,11.453078],[106.35688,11.401437],[106.326121,11.347384],[106.375512,11.236093],[106.386633,11.186614],[106.427784,11.170084],[106.445721,11.136678],[106.499047,11.141628],[106.524851,11.121823],[106.52276,11.073178],[106.545135,11.049216],[106.591421,11.044586],[106.614163,10.991836],[106.648054,10.976251],[106.648422,10.935717],[106.742975,10.881369],[106.785678,10.868454],[106.836879,10.903152],[106.760971,10.953672],[106.773231,10.999215],[106.837907,11.041255],[106.870901,11.021432],[106.930308,11.06536],[106.962776,11.11572],[106.964371,11.149239],[106.916497,11.223639],[106.936186,11.305524]]]}},{"type":"Feature","properties":{"ky_id":"dai-nam-1838","don_vi_id":"tinh-1831-bien-hoa","don_vi_ten":"Tỉnh Biên Hoà","cap":"tỉnh","khop":"mot-phan","tinh_63":"Bình Phước"},"geometry":{"type":"Polygon","coordinates":[[[107.388902,11.767806],[107.425354,11.861839],[107.315143,12.00821],[107.229307,12.034004],[107.226058,12.157683],[107.202904,12.298844],[107.150695,12.271997],[107.074312,12.162644],[106.992157,12.095876],[106.918082,12.062658],[106.79111,12.082368],[106.743105,12.003602],[106.710448,11.968416],[106.6498,11.977947],[106.531067,11.969988],[106.454525,11.98962],[106.409489,11.972628],[106.462367,11.871488],[106.412595,11.766365],[106.450606,11.673753],[106.488083,11.570758],[106.43212,11.540306],[106.423356,11.495224],[106.495469,11.496529],[106.572465,11.456864],[106.543133,11.433033],[106.56313,11.372059],[106.673805,11.355707],[106.683801,11.395544],[106.795435,11.492609],[106.806323,11.462006],[106.767258,11.408992],[106.783334,11.382077],[106.851799,11.377794],[106.85612,11.314969],[106.914651,11.356956],[106.947514,11.34372],[106.936186,11.305524],[107.05761,11.377744],[107.068882,11.450809],[107.13032,11.502155],[107.334787,11.547771],[107.296191,11.584707],[107.301606,11.619681],[107.26931,11.637891],[107.284713,11.726989],[107.388902,11.767806]]]}},{"type":"Feature","properties":{"ky_id":"dai-nam-1838","don_vi_id":"tinh-1831-an-giang","don_vi_ten":"Tỉnh An Giang","cap":"tỉnh","khop":"mot-phan","tinh_63":"An Giang"},"geometry":{"type":"Polygon","coordinates":[[[105.187124,10.913174],[105.076941,10.959641],[105.049124,10.931084],[105.029892,10.875256],[105.05876,10.817293],[105.060778,10.779385],[105.092521,10.725113],[104.960489,10.64667],[104.895527,10.547578],[104.865291,10.522468],[104.776692,10.520283],[104.825603,10.404582],[104.863392,10.356093],[105,10.32356],[105.124473,10.253944],[105.204193,10.184551],[105.229814,10.210102],[105.299409,10.278135],[105.334577,10.235288],[105.439665,10.270699],[105.424897,10.304089],[105.492956,10.327879],[105.572084,10.430849],[105.570904,10.473659],[105.542859,10.528489],[105.478281,10.535858],[105.36863,10.575543],[105.337338,10.672399],[105.349664,10.716925],[105.289532,10.718705],[105.296808,10.763702],[105.258485,10.774252],[105.188781,10.859324],[105.187124,10.913174]]]}},{"type":"Feature","properties":{"ky_id":"dai-nam-1838","don_vi_id":"tinh-1831-an-giang","don_vi_ten":"Tỉnh An Giang","cap":"tỉnh","khop":"mot-phan","tinh_63":"Cần Thơ"},"geometry":{"type":"Polygon","coordinates":[[[105.680843,10.135048],[105.620751,10.193078],[105.59811,10.239509],[105.492956,10.327879],[105.424897,10.304089],[105.439665,10.270699],[105.334577,10.235288],[105.299409,10.278135],[105.229814,10.210102],[105.296333,10.139392],[105.315324,10.142346],[105.355033,10.083361],[105.530895,9.920141],[105.572574,9.995315],[105.617374,9.94654],[105.668894,9.940265],[105.740019,9.968399],[105.744762,9.965366],[105.816958,9.96541],[105.842903,9.983685],[105.786149,10.064724],[105.680843,10.135048]]]}},{"type":"Feature","properties":{"ky_id":"dai-nam-1838","don_vi_id":"tinh-1831-an-giang","don_vi_ten":"Tỉnh An Giang","cap":"tỉnh","khop":"mot-phan","tinh_63":"Hậu Giang"},"geometry":{"type":"Polygon","coordinates":[[[105.740019,9.968399],[105.668894,9.940265],[105.617374,9.94654],[105.572574,9.995315],[105.530895,9.920141],[105.514428,9.864241],[105.428934,9.81724],[105.413618,9.755877],[105.326624,9.699703],[105.337467,9.677094],[105.404101,9.652969],[105.372264,9.596911],[105.54458,9.587163],[105.572986,9.614177],[105.667675,9.634001],[105.700417,9.663994],[105.841233,9.749819],[105.873303,9.916978],[105.895371,9.939078],[105.842903,9.983685],[105.816958,9.96541],[105.744762,9.965366],[105.740019,9.968399]]]}},{"type":"Feature","properties":{"ky_id":"dai-nam-1838","don_vi_id":"tinh-1831-an-giang","don_vi_ten":"Tỉnh An Giang","cap":"tỉnh","khop":"mot-phan","tinh_63":"Sóc Trăng"},"geometry":{"type":"Polygon","coordinates":[[[105.978977,9.884494],[105.895371,9.939078],[105.873303,9.916978],[105.841233,9.749819],[105.700417,9.663994],[105.667675,9.634001],[105.572986,9.614177],[105.54458,9.587163],[105.553835,9.561367],[105.543072,9.452079],[105.654599,9.386448],[105.703899,9.380006],[105.770141,9.412349],[105.814997,9.371187],[105.825618,9.245834],[105.89093,9.272017],[106.105656,9.342519],[106.128751,9.339051],[106.186341,9.378745],[106.160339,9.416008],[106.204058,9.49551],[106.253785,9.510758],[106.301879,9.584215],[106.245044,9.619438],[106.111418,9.750615],[106.068468,9.778299],[105.978977,9.884494]]]}},{"type":"Feature","properties":{"ky_id":"dai-nam-1838","don_vi_id":"tinh-1831-an-giang","don_vi_ten":"Tỉnh An Giang","cap":"tỉnh","khop":"mot-phan","tinh_63":"Đồng Tháp"},"geometry":{"type":"Polygon","coordinates":[[[105.49763,10.953935],[105.423445,10.973289],[105.403829,10.930727],[105.334527,10.861],[105.261329,10.899119],[105.187124,10.913174],[105.188781,10.859324],[105.258485,10.774252],[105.296808,10.763702],[105.289532,10.718705],[105.349664,10.716925],[105.337338,10.672399],[105.36863,10.575543],[105.478281,10.535858],[105.542859,10.528489],[105.570904,10.473659],[105.572084,10.430849],[105.492956,10.327879],[105.59811,10.239509],[105.620751,10.193078],[105.680843,10.135048],[105.72599,10.206037],[105.773089,10.190582],[105.79955,10.15648],[105.868803,10.155337],[105.874492,10.190392],[105.917877,10.211944],[105.892171,10.276923],[105.820048,10.311384],[105.857938,10.409154],[105.940068,10.495707],[105.941023,10.537294],[105.908274,10.539465],[105.832557,10.639377],[105.778979,10.660087],[105.593933,10.831725],[105.581442,10.89315],[105.513928,10.927829],[105.49763,10.953935]]]}},{"type":"Feature","properties":{"ky_id":"dai-nam-1838","don_vi_id":"tinh-1831-vinh-long","don_vi_ten":"Tỉnh Vĩnh Long","cap":"tỉnh","khop":"mot-phan","tinh_63":"Vĩnh Long"},"geometry":{"type":"Polygon","coordinates":[[[106.287514,10.05151],[106.225736,10.141046],[106.173424,10.175918],[106.121393,10.231764],[106.046141,10.246219],[106.032709,10.299835],[105.978293,10.330375],[105.922324,10.284064],[105.892171,10.276923],[105.917877,10.211944],[105.874492,10.190392],[105.868803,10.155337],[105.79955,10.15648],[105.773089,10.190582],[105.72599,10.206037],[105.680843,10.135048],[105.786149,10.064724],[105.842903,9.983685],[105.895371,9.939078],[105.978977,9.884494],[105.98329,9.903322],[106.08337,9.962287],[106.129973,9.962165],[106.133232,10.025376],[106.187415,10.02644],[106.212217,10.004706],[106.239448,10.082758],[106.287514,10.05151]]]}},{"type":"Feature","properties":{"ky_id":"dai-nam-1838","don_vi_id":"tinh-1831-vinh-long","don_vi_ten":"Tỉnh Vĩnh Long","cap":"tỉnh","khop":"mot-phan","tinh_63":"Bến Tre"},"geometry":{"type":"Polygon","coordinates":[[[106.772544,10.191498],[106.746705,10.192896],[106.671818,10.23863],[106.534992,10.268645],[106.469482,10.308239],[106.391106,10.338794],[106.302539,10.319986],[106.283875,10.329217],[106.202533,10.314606],[106.141228,10.285339],[106.073683,10.279801],[106.032709,10.299835],[106.046141,10.246219],[106.121393,10.231764],[106.173424,10.175918],[106.225736,10.141046],[106.287514,10.05151],[106.308902,10.024359],[106.490018,9.913378],[106.596207,9.800222],[106.66019,9.836528],[106.685885,9.875771],[106.647551,9.977149],[106.68812,10.018599],[106.749042,10.058238],[106.787954,10.108647],[106.772544,10.191498]]]}},{"type":"Feature","properties":{"ky_id":"dai-nam-1838","don_vi_id":"tinh-1831-vinh-long","don_vi_ten":"Tỉnh Vĩnh Long","cap":"tỉnh","khop":"mot-phan","tinh_63":"Trà Vinh"},"geometry":{"type":"Polygon","coordinates":[[[106.596207,9.800222],[106.490018,9.913378],[106.308902,10.024359],[106.287514,10.05151],[106.239448,10.082758],[106.212217,10.004706],[106.187415,10.02644],[106.133232,10.025376],[106.129973,9.962165],[106.08337,9.962287],[105.98329,9.903322],[105.978977,9.884494],[106.068468,9.778299],[106.111418,9.750615],[106.245044,9.619438],[106.301879,9.584215],[106.341417,9.580357],[106.378981,9.541165],[106.414529,9.528939],[106.49843,9.557397],[106.559555,9.622882],[106.576417,9.666041],[106.560638,9.745352],[106.596207,9.800222]]]}},{"type":"Feature","properties":{"ky_id":"dai-nam-1838","don_vi_id":"tinh-1831-dinh-tuong","don_vi_ten":"Tỉnh Định Tường","cap":"tỉnh","khop":"toi-thieu","tinh_63":"Tiền Giang"},"geometry":{"type":"Polygon","coordinates":[[[106.733663,10.497731],[106.680589,10.440991],[106.623822,10.451887],[106.557405,10.413442],[106.527825,10.434473],[106.478282,10.397834],[106.443145,10.449752],[106.317989,10.571081],[106.284968,10.588056],[106.099687,10.5766],[106.100542,10.523677],[105.941023,10.537294],[105.940068,10.495707],[105.857938,10.409154],[105.820048,10.311384],[105.892171,10.276923],[105.922324,10.284064],[105.978293,10.330375],[106.032709,10.299835],[106.073683,10.279801],[106.141228,10.285339],[106.202533,10.314606],[106.283875,10.329217],[106.302539,10.319986],[106.391106,10.338794],[106.469482,10.308239],[106.534992,10.268645],[106.671818,10.23863],[106.746705,10.192896],[106.772544,10.191498],[106.767606,10.278331],[106.780874,10.307301],[106.825662,10.329447],[106.798357,10.409981],[106.733663,10.497731]]]}},{"type":"Feature","properties":{"ky_id":"dai-nam-1838","don_vi_id":"tinh-1831-ha-tien","don_vi_ten":"Tỉnh Hà Tiên","cap":"tỉnh","khop":"toi-thieu","tinh_63":"Kiên Giang"},"geometry":{"type":"MultiPolygon","coordinates":[[[[104.825603,10.404582],[104.863392,10.356093],[105,10.32356],[105.124473,10.253944],[105.204193,10.184551],[105.229814,10.210102],[105.296333,10.139392],[105.315324,10.142346],[105.355033,10.083361],[105.530895,9.920141],[105.514428,9.864241],[105.428934,9.81724],[105.413618,9.755877],[105.326624,9.699703],[105.337467,9.677094],[105.404101,9.652969],[105.372264,9.596911],[105.305531,9.609729],[105.322811,9.558137],[105.296697,9.503876],[105.293772,9.434963],[105.260346,9.399935],[105.001112,9.559518],[104.915358,9.564122],[104.879658,9.495188],[104.832897,9.53189],[104.856114,9.720668],[104.897943,9.850991],[104.954255,9.855224],[105.015677,9.918742],[105.09998,9.955542],[105.072263,10.013809],[105.007787,10.080811],[104.96548,10.100634],[104.90348,10.086861],[104.873557,10.09706],[104.820759,10.176501],[104.762087,10.222137],[104.71905,10.224075],[104.67426,10.188391],[104.637786,10.138022],[104.608125,10.163957],[104.565793,10.277596],[104.525528,10.302259],[104.512743,10.342743],[104.436937,10.422999],[104.509557,10.421534],[104.547158,10.459758],[104.553036,10.49416],[104.604641,10.540682],[104.691702,10.539325],[104.776692,10.520283],[104.825603,10.404582]]],[[[104.071727,10.376942],[104.079666,10.247932],[104.057475,10.207833],[104.016929,10.086296],[103.989259,10.049553],[103.951705,10.228409],[103.914994,10.288508],[103.854683,10.308623],[103.843861,10.379037],[103.918238,10.36085],[103.970572,10.438475],[104.002714,10.44976],[104.02984,10.413712],[104.071727,10.376942]]]]}},{"type":"Feature","properties":{"ky_id":"dai-nam-1838","don_vi_id":"tinh-1831-ha-tien","don_vi_ten":"Tỉnh Hà Tiên","cap":"tỉnh","khop":"toi-thieu","tinh_63":"Cà Mau"},"geometry":{"type":"Polygon","coordinates":[[[105.260346,9.399935],[105.001112,9.559518],[104.915358,9.564122],[104.879658,9.495188],[104.832897,9.53189],[104.819213,9.262953],[104.806461,9.183526],[104.799635,8.925141],[104.779423,8.811327],[104.869065,8.750921],[104.794967,8.722433],[104.781651,8.698647],[104.809481,8.656042],[104.71148,8.634937],[104.719008,8.604013],[104.845201,8.565174],[104.998873,8.597998],[105.107145,8.637095],[105.146897,8.702509],[105.192584,8.747212],[105.268867,8.770079],[105.328592,8.835291],[105.415312,9.023742],[105.376887,9.059377],[105.272093,9.085755],[105.243399,9.101732],[105.269525,9.183784],[105.230955,9.214573],[105.292304,9.280644],[105.246531,9.336471],[105.294927,9.38769],[105.260346,9.399935]]]}},{"type":"Feature","properties":{"ky_id":"dai-nam-1838","don_vi_id":"tinh-1831-ha-tien","don_vi_ten":"Tỉnh Hà Tiên","cap":"tỉnh","khop":"toi-thieu","tinh_63":"Bạc Liêu"},"geometry":{"type":"Polygon","coordinates":[[[105.372264,9.596911],[105.305531,9.609729],[105.322811,9.558137],[105.296697,9.503876],[105.293772,9.434963],[105.260346,9.399935],[105.294927,9.38769],[105.246531,9.336471],[105.292304,9.280644],[105.230955,9.214573],[105.269525,9.183784],[105.243399,9.101732],[105.272093,9.085755],[105.376887,9.059377],[105.415312,9.023742],[105.477848,9.081941],[105.53997,9.119564],[105.641306,9.159081],[105.825618,9.245834],[105.814997,9.371187],[105.770141,9.412349],[105.703899,9.380006],[105.654599,9.386448],[105.543072,9.452079],[105.553835,9.561367],[105.54458,9.587163],[105.372264,9.596911]]]}},{"type":"Feature","properties":{"ky_id":"dai-nam-1838","don_vi_id":"phu-thua-thien-1831","don_vi_ten":"Phủ Thừa Thiên","cap":"phủ","khop":"gan-dung","tinh_63":"Huế"},"geometry":{"type":"Polygon","coordinates":[[[108.192448,16.211386],[108.095563,16.225127],[108.054806,16.217487],[108.034807,16.261379],[108.037007,16.30917],[107.974278,16.318652],[107.884878,16.377649],[107.764604,16.482304],[107.665934,16.554345],[107.6126,16.575527],[107.506936,16.649018],[107.386191,16.743695],[107.304507,16.641661],[107.326512,16.609619],[107.269942,16.568046],[107.242568,16.587415],[107.166618,16.578894],[107.059864,16.539322],[107.065734,16.51215],[107.117197,16.488622],[107.12605,16.445502],[107.058309,16.432558],[107.034173,16.375959],[106.986559,16.340953],[107.016986,16.30368],[107.080287,16.31441],[107.148952,16.268281],[107.142826,16.216169],[107.157641,16.169551],[107.192454,16.146081],[107.237479,16.148444],[107.281598,16.119693],[107.30569,16.082266],[107.377039,16.074274],[107.456899,16.080209],[107.465405,16.025993],[107.541146,16.01176],[107.567323,16.054254],[107.700893,15.996001],[107.724897,16.031446],[107.787755,16.067538],[107.816729,16.058449],[107.854271,16.115492],[107.874148,16.197533],[107.90962,16.2164],[107.954345,16.190183],[107.986125,16.214433],[108.055123,16.180138],[108.127009,16.186571],[108.192448,16.211386]]]}}],"so_don_vi":43}
